{
  "Aceitunas, Puerto Rico": {
    "state": "72",
    "place": "00186",
    "population": "1188"
  },
  "Aguas Claras, Puerto Rico": {
    "state": "72",
    "place": "01003",
    "population": "2239"
  },
  "Aguilita, Puerto Rico": {
    "state": "72",
    "place": "01089",
    "population": "3936"
  },
  "Alianza, Puerto Rico": {
    "state": "72",
    "place": "01863",
    "population": "2283"
  },
  "Animas, Puerto Rico": {
    "state": "72",
    "place": "03024",
    "population": "1261"
  },
  "Anon Raices, Puerto Rico": {
    "state": "72",
    "place": "03174",
    "population": "190"
  },
  "Antón Ruíz, Puerto Rico": {
    "state": "72",
    "place": "03196",
    "population": "1362"
  },
  "Bairoa La Veinticinco, Puerto Rico": {
    "state": "72",
    "place": "04620",
    "population": "392"
  },
  "Bajadero, Puerto Rico": {
    "state": "72",
    "place": "04658",
    "population": "3522"
  },
  "Bajandas, Puerto Rico": {
    "state": "72",
    "place": "04701",
    "population": "966"
  },
  "Barahona, Puerto Rico": {
    "state": "72",
    "place": "05217",
    "population": "2147"
  },
  "Bartolo, Puerto Rico": {
    "state": "72",
    "place": "06421",
    "population": "1170"
  },
  "Bayamón, Puerto Rico": {
    "state": "72",
    "place": "06679",
    "population": "1923"
  },
  "Benítez, Puerto Rico": {
    "state": "72",
    "place": "07496",
    "population": "1089"
  },
  "Betances, Puerto Rico": {
    "state": "72",
    "place": "07668",
    "population": "764"
  },
  "Breñas, Puerto Rico": {
    "state": "72",
    "place": "08700",
    "population": "3860"
  },
  "Brisas del Campanero, Puerto Rico": {
    "state": "72",
    "place": "08722",
    "population": "2301"
  },
  "Búfalo, Puerto Rico": {
    "state": "72",
    "place": "09603",
    "population": "1060"
  },
  "Cabán, Puerto Rico": {
    "state": "72",
    "place": "09689",
    "population": "2729"
  },
  "Cacao, Puerto Rico": {
    "state": "72",
    "place": "10048",
    "population": "1043"
  },
  "Calzada, Puerto Rico": {
    "state": "72",
    "place": "11151",
    "population": "89"
  },
  "Cambalache, Puerto Rico": {
    "state": "72",
    "place": "11345",
    "population": "904"
  },
  "Campanilla, Puerto Rico": {
    "state": "72",
    "place": "11581",
    "population": "4243"
  },
  "Campanillas, Puerto Rico": {
    "state": "72",
    "place": "11597",
    "population": "543"
  },
  "Campo Rico, Puerto Rico": {
    "state": "72",
    "place": "11710",
    "population": "2321"
  },
  "Candelaria, Puerto Rico": {
    "state": "72",
    "place": "12441",
    "population": "14662"
  },
  "Candelaria Arenas, Puerto Rico": {
    "state": "72",
    "place": "12560",
    "population": "3934"
  },
  "Candelero Abajo, Puerto Rico": {
    "state": "72",
    "place": "12568",
    "population": "466"
  },
  "Candelero Arriba, Puerto Rico": {
    "state": "72",
    "place": "12613",
    "population": "1040"
  },
  "Caño Martin Peña, Puerto Rico": {
    "state": "72",
    "place": "12806",
    "population": "10997"
  },
  "Canovanillas, Puerto Rico": {
    "state": "72",
    "place": "13065",
    "population": "306"
  },
  "Capitanejo, Puerto Rico": {
    "state": "72",
    "place": "13925",
    "population": "3175"
  },
  "Carrizales, Puerto Rico": {
    "state": "72",
    "place": "14634",
    "population": "2417"
  },
  "Cayuco, Puerto Rico": {
    "state": "72",
    "place": "15623",
    "population": "909"
  },
  "Ceiba, Puerto Rico": {
    "state": "72",
    "place": "16139",
    "population": "2867"
  },
  "Celada, Puerto Rico": {
    "state": "72",
    "place": "16440",
    "population": "3650"
  },
  "Central Aguirre, Puerto Rico": {
    "state": "72",
    "place": "16526",
    "population": "1155"
  },
  "Cerrillos Hoyos, Puerto Rico": {
    "state": "72",
    "place": "17050",
    "population": "590"
  },
  "Coco, Puerto Rico": {
    "state": "72",
    "place": "18891",
    "population": "4667"
  },
  "Comunas, Puerto Rico": {
    "state": "72",
    "place": "19837",
    "population": "3018"
  },
  "Coquí, Puerto Rico": {
    "state": "72",
    "place": "20310",
    "population": "2336"
  },
  "Corazón, Puerto Rico": {
    "state": "72",
    "place": "20353",
    "population": "1515"
  },
  "Corcovado, Puerto Rico": {
    "state": "72",
    "place": "20482",
    "population": "1245"
  },
  "Corral Viejo, Puerto Rico": {
    "state": "72",
    "place": "20998",
    "population": "222"
  },
  "Coto Laurel, Puerto Rico": {
    "state": "72",
    "place": "21213",
    "population": "2472"
  },
  "Coto Norte, Puerto Rico": {
    "state": "72",
    "place": "21385",
    "population": "1395"
  },
  "Daguao, Puerto Rico": {
    "state": "72",
    "place": "23062",
    "population": "1379"
  },
  "Del Carmen, Puerto Rico": {
    "state": "72",
    "place": "23341",
    "population": "1492"
  },
  "Duque, Puerto Rico": {
    "state": "72",
    "place": "24395",
    "population": "1041"
  },
  "El Combate, Puerto Rico": {
    "state": "72",
    "place": "24954",
    "population": "357"
  },
  "El Mangó, Puerto Rico": {
    "state": "72",
    "place": "25556",
    "population": "1338"
  },
  "El Negro, Puerto Rico": {
    "state": "72",
    "place": "25685",
    "population": "791"
  },
  "El Ojo, Puerto Rico": {
    "state": "72",
    "place": "25771",
    "population": "1118"
  },
  "El Paraiso, Puerto Rico": {
    "state": "72",
    "place": "25835",
    "population": "1383"
  },
  "El Tumbao, Puerto Rico": {
    "state": "72",
    "place": "26287",
    "population": "1876"
  },
  "El Veintiséis, Puerto Rico": {
    "state": "72",
    "place": "26362",
    "population": "295"
  },
  "Emajagua, Puerto Rico": {
    "state": "72",
    "place": "26502",
    "population": "2469"
  },
  "Esperanza, Puerto Rico": {
    "state": "72",
    "place": "27190",
    "population": "947"
  },
  "Espino, Puerto Rico": {
    "state": "72",
    "place": "27263",
    "population": "1779"
  },
  "Ferrer, Puerto Rico": {
    "state": "72",
    "place": "28367",
    "population": "286"
  },
  "Fránquez, Puerto Rico": {
    "state": "72",
    "place": "29555",
    "population": "1725"
  },
  "Frontón, Puerto Rico": {
    "state": "72",
    "place": "29682",
    "population": "1146"
  },
  "Fuig, Puerto Rico": {
    "state": "72",
    "place": "29727",
    "population": "712"
  },
  "Galateo, Puerto Rico": {
    "state": "72",
    "place": "29813",
    "population": "2224"
  },
  "Garrochales, Puerto Rico": {
    "state": "72",
    "place": "30372",
    "population": "919"
  },
  "G. L. García, Puerto Rico": {
    "state": "72",
    "place": "30544",
    "population": "1543"
  },
  "Guayabal, Puerto Rico": {
    "state": "72",
    "place": "31877",
    "population": "1613"
  },
  "Hacienda San José, Puerto Rico": {
    "state": "72",
    "place": "33184",
    "population": "4061"
  },
  "Hato Arriba, Puerto Rico": {
    "state": "72",
    "place": "33597",
    "population": "764"
  },
  "Hato Candal, Puerto Rico": {
    "state": "72",
    "place": "33683",
    "population": "1715"
  },
  "Hato Viejo, Puerto Rico": {
    "state": "72",
    "place": "34242",
    "population": "1376"
  },
  "Honduras, Puerto Rico": {
    "state": "72",
    "place": "34914",
    "population": "578"
  },
  "H. Rivera Colón, Puerto Rico": {
    "state": "72",
    "place": "35403",
    "population": "1955"
  },
  "Imbéry, Puerto Rico": {
    "state": "72",
    "place": "35962",
    "population": "3636"
  },
  "Indios, Puerto Rico": {
    "state": "72",
    "place": "36177",
    "population": "1303"
  },
  "Ingenio, Puerto Rico": {
    "state": "72",
    "place": "36263",
    "population": "2720"
  },
  "Isleta, Puerto Rico": {
    "state": "72",
    "place": "36779",
    "population": "277"
  },
  "Jagual, Puerto Rico": {
    "state": "72",
    "place": "37166",
    "population": "864"
  },
  "Jaguas, Puerto Rico": {
    "state": "72",
    "place": "37336",
    "population": "1794"
  },
  "Jauca, Puerto Rico": {
    "state": "72",
    "place": "38241",
    "population": "1688"
  },
  "Jobos, Puerto Rico": {
    "state": "72",
    "place": "38671",
    "population": "1761"
  },
  "Juncal, Puerto Rico": {
    "state": "72",
    "place": "39470",
    "population": "994"
  },
  "La Alianza, Puerto Rico": {
    "state": "72",
    "place": "39875",
    "population": "2265"
  },
  "La Dolores, Puerto Rico": {
    "state": "72",
    "place": "40348",
    "population": "2792"
  },
  "La Fermina, Puerto Rico": {
    "state": "72",
    "place": "40563",
    "population": "2187"
  },
  "La Liga, Puerto Rico": {
    "state": "72",
    "place": "41274",
    "population": "496"
  },
  "La Luisa, Puerto Rico": {
    "state": "72",
    "place": "41294",
    "population": "2425"
  },
  "Lamboglia, Puerto Rico": {
    "state": "72",
    "place": "41466",
    "population": "688"
  },
  "La Parguera, Puerto Rico": {
    "state": "72",
    "place": "41767",
    "population": "973"
  },
  "La Pica, Puerto Rico": {
    "state": "72",
    "place": "41810",
    "population": "357"
  },
  "La Playa, Puerto Rico": {
    "state": "72",
    "place": "42068",
    "population": "1359"
  },
  "La Plena, Puerto Rico": {
    "state": "72",
    "place": "42197",
    "population": "583"
  },
  "Las Carolinas, Puerto Rico": {
    "state": "72",
    "place": "42842",
    "population": "2082"
  },
  "Las Croabas, Puerto Rico": {
    "state": "72",
    "place": "43057",
    "population": "950"
  },
  "Las Gaviotas, Puerto Rico": {
    "state": "72",
    "place": "43294",
    "population": "488"
  },
  "Las Marías, Puerto Rico": {
    "state": "72",
    "place": "43702",
    "population": "1773"
  },
  "Las Ochenta, Puerto Rico": {
    "state": "72",
    "place": "44003",
    "population": "709"
  },
  "Las Ollas, Puerto Rico": {
    "state": "72",
    "place": "44089",
    "population": "1202"
  },
  "Lassalle, Puerto Rico": {
    "state": "72",
    "place": "44507",
    "population": "480"
  },
  "La Yuca, Puerto Rico": {
    "state": "72",
    "place": "45170",
    "population": "455"
  },
  "Liborio Negrón Torres, Puerto Rico": {
    "state": "72",
    "place": "45379",
    "population": "1001"
  },
  "Lluveras, Puerto Rico": {
    "state": "72",
    "place": "46282",
    "population": "1486"
  },
  "Lomas, Puerto Rico": {
    "state": "72",
    "place": "46626",
    "population": "785"
  },
  "Lomas Verdes, Puerto Rico": {
    "state": "72",
    "place": "46800",
    "population": "1190"
  },
  "Los Héroes, Puerto Rico": {
    "state": "72",
    "place": "46960",
    "population": "626"
  },
  "Los Llanos, Puerto Rico": {
    "state": "72",
    "place": "47013",
    "population": "1814"
  },
  "Los Panes, Puerto Rico": {
    "state": "72",
    "place": "47336",
    "population": "289"
  },
  "Los Prados, Puerto Rico": {
    "state": "72",
    "place": "47422",
    "population": "2939"
  },
  "Luis Lloréns Torres, Puerto Rico": {
    "state": "72",
    "place": "47615",
    "population": "2696"
  },
  "Luis M. Cintrón, Puerto Rico": {
    "state": "72",
    "place": "47701",
    "population": "1699"
  },
  "Luyando, Puerto Rico": {
    "state": "72",
    "place": "47873",
    "population": "2458"
  },
  "Magas Arriba, Puerto Rico": {
    "state": "72",
    "place": "48604",
    "population": "948"
  },
  "Maguayo, Puerto Rico": {
    "state": "72",
    "place": "48862",
    "population": "779"
  },
  "Mansión del Mar, Puerto Rico": {
    "state": "72",
    "place": "50260",
    "population": "25591"
  },
  "Mansión del Sol, Puerto Rico": {
    "state": "72",
    "place": "50270",
    "population": "331"
  },
  "María Antonia, Puerto Rico": {
    "state": "72",
    "place": "50754",
    "population": "1599"
  },
  "Mariano Colón, Puerto Rico": {
    "state": "72",
    "place": "51055",
    "population": "1749"
  },
  "Martorell, Puerto Rico": {
    "state": "72",
    "place": "51657",
    "population": "1868"
  },
  "Marueño, Puerto Rico": {
    "state": "72",
    "place": "51700",
    "population": "936"
  },
  "Miranda, Puerto Rico": {
    "state": "72",
    "place": "53678",
    "population": "1486"
  },
  "Monserrate, Puerto Rico": {
    "state": "72",
    "place": "53979",
    "population": "2331"
  },
  "Monte Grande, Puerto Rico": {
    "state": "72",
    "place": "54366",
    "population": "2775"
  },
  "Monte Verde, Puerto Rico": {
    "state": "72",
    "place": "54688",
    "population": "117"
  },
  "Mora, Puerto Rico": {
    "state": "72",
    "place": "54882",
    "population": "1453"
  },
  "Mucarabones, Puerto Rico": {
    "state": "72",
    "place": "55355",
    "population": "1246"
  },
  "Olimpo, Puerto Rico": {
    "state": "72",
    "place": "57075",
    "population": "1709"
  },
  "Pabellones, Puerto Rico": {
    "state": "72",
    "place": "57612",
    "population": "664"
  },
  "Pájaros, Puerto Rico": {
    "state": "72",
    "place": "57806",
    "population": "8773"
  },
  "Pajonal, Puerto Rico": {
    "state": "72",
    "place": "57862",
    "population": "674"
  },
  "Palmas, Puerto Rico": {
    "state": "72",
    "place": "58365",
    "population": "1568"
  },
  "Palmas del Mar, Puerto Rico": {
    "state": "72",
    "place": "58602",
    "population": "3124"
  },
  "Palma Sola, Puerto Rico": {
    "state": "72",
    "place": "58613",
    "population": "1200"
  },
  "Palmer, Puerto Rico": {
    "state": "72",
    "place": "58666",
    "population": "987"
  },
  "Palo Seco, Puerto Rico": {
    "state": "72",
    "place": "59139",
    "population": "782"
  },
  "Parcelas de Navarro, Puerto Rico": {
    "state": "72",
    "place": "59386",
    "population": "1293"
  },
  "Parcelas La Milagrosa, Puerto Rico": {
    "state": "72",
    "place": "59420",
    "population": "948"
  },
  "Parcelas Mandry, Puerto Rico": {
    "state": "72",
    "place": "59422",
    "population": "473"
  },
  "Parcelas Nuevas, Puerto Rico": {
    "state": "72",
    "place": "59425",
    "population": "1351"
  },
  "Parcelas Peñuelas, Puerto Rico": {
    "state": "72",
    "place": "59440",
    "population": "665"
  },
  "Parcelas Viejas Borinquen, Puerto Rico": {
    "state": "72",
    "place": "59450",
    "population": "542"
  },
  "Pastos, Puerto Rico": {
    "state": "72",
    "place": "60257",
    "population": "1137"
  },
  "Peña Pobre, Puerto Rico": {
    "state": "72",
    "place": "60945",
    "population": "890"
  },
  "Piedra Aguza, Puerto Rico": {
    "state": "72",
    "place": "61545",
    "population": "2524"
  },
  "Piedra Gorda, Puerto Rico": {
    "state": "72",
    "place": "61590",
    "population": "1758"
  },
  "Piñas, Puerto Rico": {
    "state": "72",
    "place": "61977",
    "population": "611"
  },
  "Playa Fortuna, Puerto Rico": {
    "state": "72",
    "place": "63310",
    "population": "1396"
  },
  "Playita Cortada, Puerto Rico": {
    "state": "72",
    "place": "63568",
    "population": "1475"
  },
  "Pole Ojea, Puerto Rico": {
    "state": "72",
    "place": "63697",
    "population": "1399"
  },
  "Potala Pastillo, Puerto Rico": {
    "state": "72",
    "place": "64127",
    "population": "2455"
  },
  "Pueblito del Carmen, Puerto Rico": {
    "state": "72",
    "place": "64400",
    "population": "424"
  },
  "Pueblito del Río, Puerto Rico": {
    "state": "72",
    "place": "64500",
    "population": "1118"
  },
  "Puerto Real, Puerto Rico": {
    "state": "72",
    "place": "65589",
    "population": "5383"
  },
  "Punta Santiago, Puerto Rico": {
    "state": "72",
    "place": "66492",
    "population": "3524"
  },
  "Quebrada, Puerto Rico": {
    "state": "72",
    "place": "66660",
    "population": "730"
  },
  "Quebrada del Agua, Puerto Rico": {
    "state": "72",
    "place": "67200",
    "population": "987"
  },
  "Quebrada Prieta, Puerto Rico": {
    "state": "72",
    "place": "67675",
    "population": "1060"
  },
  "Rafael Capó, Puerto Rico": {
    "state": "72",
    "place": "68513",
    "population": "1639"
  },
  "Rafael González, Puerto Rico": {
    "state": "72",
    "place": "68556",
    "population": "1983"
  },
  "Rafael Hernández, Puerto Rico": {
    "state": "72",
    "place": "68599",
    "population": "1152"
  },
  "Ramos, Puerto Rico": {
    "state": "72",
    "place": "68771",
    "population": "1497"
  },
  "Rincón, Puerto Rico": {
    "state": "72",
    "place": "69488",
    "population": "1134"
  },
  "Río Blanco, Puerto Rico": {
    "state": "72",
    "place": "70448",
    "population": "1505"
  },
  "Río Cañas Abajo, Puerto Rico": {
    "state": "72",
    "place": "70706",
    "population": "1364"
  },
  "Río Lajas, Puerto Rico": {
    "state": "72",
    "place": "71437",
    "population": "1778"
  },
  "Rodríguez Hevia, Puerto Rico": {
    "state": "72",
    "place": "71996",
    "population": "255"
  },
  "Rosa Sánchez, Puerto Rico": {
    "state": "72",
    "place": "72555",
    "population": "963"
  },
  "Sabana, Puerto Rico": {
    "state": "72",
    "place": "73200",
    "population": "1542"
  },
  "Sabana Eneas, Puerto Rico": {
    "state": "72",
    "place": "73372",
    "population": "1283"
  },
  "Sabana Hoyos, Puerto Rico": {
    "state": "72",
    "place": "73716",
    "population": "3239"
  },
  "Sabana Seca, Puerto Rico": {
    "state": "72",
    "place": "74189",
    "population": "8252"
  },
  "San Isidro, Puerto Rico": {
    "state": "72",
    "place": "76339",
    "population": "6976"
  },
  "San José, Puerto Rico": {
    "state": "72",
    "place": "76683",
    "population": "2241"
  },
  "Santa Bárbara, Puerto Rico": {
    "state": "72",
    "place": "77672",
    "population": "3358"
  },
  "Santa Clara, Puerto Rico": {
    "state": "72",
    "place": "77826",
    "population": "884"
  },
  "Santa María, Puerto Rico": {
    "state": "72",
    "place": "78317",
    "population": "936"
  },
  "Santo Domingo, Puerto Rico": {
    "state": "72",
    "place": "79564",
    "population": "2957"
  },
  "Stella, Puerto Rico": {
    "state": "72",
    "place": "80596",
    "population": "1047"
  },
  "Suárez, Puerto Rico": {
    "state": "72",
    "place": "80639",
    "population": "1535"
  },
  "Tallaboa, Puerto Rico": {
    "state": "72",
    "place": "81413",
    "population": "950"
  },
  "Tallaboa Alta, Puerto Rico": {
    "state": "72",
    "place": "81456",
    "population": "1622"
  },
  "Tibes, Puerto Rico": {
    "state": "72",
    "place": "82055",
    "population": "337"
  },
  "Tiburones, Puerto Rico": {
    "state": "72",
    "place": "82125",
    "population": "1349"
  },
  "Tierras Nuevas Poniente, Puerto Rico": {
    "state": "72",
    "place": "82187",
    "population": "3653"
  },
  "Toaville, Puerto Rico": {
    "state": "72",
    "place": "82692",
    "population": "404"
  },
  "Tomás de Castro, Puerto Rico": {
    "state": "72",
    "place": "82875",
    "population": "721"
  },
  "Valle Hill, Puerto Rico": {
    "state": "72",
    "place": "84917",
    "population": "1086"
  },
  "Vayas, Puerto Rico": {
    "state": "72",
    "place": "85025",
    "population": "388"
  },
  "Vázquez, Puerto Rico": {
    "state": "72",
    "place": "85111",
    "population": "1710"
  },
  "Vieques, Puerto Rico": {
    "state": "72",
    "place": "85971",
    "population": "2433"
  },
  "Villa Calma, Puerto Rico": {
    "state": "72",
    "place": "86250",
    "population": "987"
  },
  "Villa de Sabana, Puerto Rico": {
    "state": "72",
    "place": "86509",
    "population": "346"
  },
  "Villa Esperanza, Puerto Rico": {
    "state": "72",
    "place": "86584",
    "population": "486"
  },
  "Villa Hugo I, Puerto Rico": {
    "state": "72",
    "place": "86788",
    "population": "413"
  },
  "Villa Hugo II, Puerto Rico": {
    "state": "72",
    "place": "86796",
    "population": "1355"
  },
  "Villa Quintero, Puerto Rico": {
    "state": "72",
    "place": "87240",
    "population": "342"
  },
  "Villas del Sol, Puerto Rico": {
    "state": "72",
    "place": "87272",
    "population": "145"
  },
  "Villa Sin Miedo, Puerto Rico": {
    "state": "72",
    "place": "87282",
    "population": "117"
  },
  "Voladoras, Puerto Rico": {
    "state": "72",
    "place": "87638",
    "population": "670"
  },
  "Yaurel, Puerto Rico": {
    "state": "72",
    "place": "88121",
    "population": "769"
  },
  "Yeguada, Puerto Rico": {
    "state": "72",
    "place": "88293",
    "population": "1418"
  }
}
