{
  "Riva, Maryland": {
    "state": "24",
    "place": "66400",
    "population": "4257"
  },
  "Riverside, Maryland": {
    "state": "24",
    "place": "66762",
    "population": "7021"
  },
  "Riviera Beach, Maryland": {
    "state": "24",
    "place": "66850",
    "population": "12384"
  },
  "Robinwood, Maryland": {
    "state": "24",
    "place": "67000",
    "population": "7397"
  },
  "Rock Point, Maryland": {
    "state": "24",
    "place": "67500",
    "population": "82"
  },
  "Rohrersville, Maryland": {
    "state": "24",
    "place": "67950",
    "population": "175"
  },
  "Romancoke, Maryland": {
    "state": "24",
    "place": "68265",
    "population": "1855"
  },
  "Rosaryville, Maryland": {
    "state": "24",
    "place": "68300",
    "population": "11548"
  },
  "Rosedale, Maryland": {
    "state": "24",
    "place": "68400",
    "population": "19961"
  },
  "Rossville, Maryland": {
    "state": "24",
    "place": "68700",
    "population": "16029"
  },
  "Sabillasville, Maryland": {
    "state": "24",
    "place": "69200",
    "population": "470"
  },
  "St. George Island, Maryland": {
    "state": "24",
    "place": "69425",
    "population": "265"
  },
  "St. James, Maryland": {
    "state": "24",
    "place": "69550",
    "population": "4757"
  },
  "St. Leonard, Maryland": {
    "state": "24",
    "place": "69675",
    "population": "778"
  },
  "Sandy Hook, Maryland": {
    "state": "24",
    "place": "70175",
    "population": "168"
  },
  "San Mar, Maryland": {
    "state": "24",
    "place": "70300",
    "population": "366"
  },
  "Savage, Maryland": {
    "state": "24",
    "place": "70475",
    "population": "7542"
  },
  "Scaggsville, Maryland": {
    "state": "24",
    "place": "70525",
    "population": "9217"
  },
  "Seabrook, Maryland": {
    "state": "24",
    "place": "70775",
    "population": "19627"
  },
  "Severn, Maryland": {
    "state": "24",
    "place": "71150",
    "population": "57118"
  },
  "Severna Park, Maryland": {
    "state": "24",
    "place": "71200",
    "population": "39933"
  },
  "Shady Side, Maryland": {
    "state": "24",
    "place": "71450",
    "population": "5806"
  },
  "Shaft, Maryland": {
    "state": "24",
    "place": "71460",
    "population": "208"
  },
  "Silver Hill, Maryland": {
    "state": "24",
    "place": "72350",
    "population": "6381"
  },
  "Silver Spring, Maryland": {
    "state": "24",
    "place": "72450",
    "population": "81015"
  },
  "Smith Island, Maryland": {
    "state": "24",
    "place": "72887",
    "population": "202"
  },
  "Solomons, Maryland": {
    "state": "24",
    "place": "73325",
    "population": "2650"
  },
  "Ringgold, Maryland": {
    "state": "24",
    "place": "66150",
    "population": "166"
  },
  "South Kensington, Maryland": {
    "state": "24",
    "place": "73600",
    "population": "8829"
  },
  "South Laurel, Maryland": {
    "state": "24",
    "place": "73650",
    "population": "29602"
  },
  "Spencerville, Maryland": {
    "state": "24",
    "place": "74050",
    "population": "1812"
  },
  "Springdale, Maryland": {
    "state": "24",
    "place": "74282",
    "population": "5301"
  },
  "Spring Gap, Maryland": {
    "state": "24",
    "place": "74350",
    "population": "52"
  },
  "Spring Ridge, Maryland": {
    "state": "24",
    "place": "74560",
    "population": "6005"
  },
  "Stevensville, Maryland": {
    "state": "24",
    "place": "75025",
    "population": "7442"
  },
  "Still Pond, Maryland": {
    "state": "24",
    "place": "75150",
    "population": "131"
  },
  "Stockton, Maryland": {
    "state": "24",
    "place": "75200",
    "population": "91"
  },
  "Suitland, Maryland": {
    "state": "24",
    "place": "75725",
    "population": "25839"
  },
  "Summerfield, Maryland": {
    "state": "24",
    "place": "75810",
    "population": "14758"
  },
  "Swanton, Maryland": {
    "state": "24",
    "place": "76450",
    "population": "66"
  },
  "Tall Timbers, Maryland": {
    "state": "24",
    "place": "76675",
    "population": "451"
  },
  "Taylors Island, Maryland": {
    "state": "24",
    "place": "76925",
    "population": "125"
  },
  "Temple Hills, Maryland": {
    "state": "24",
    "place": "77100",
    "population": "8350"
  },
  "Ten Mile Creek, Maryland": {
    "state": "24",
    "place": "77262",
    "population": "1012"
  },
  "Tilghman Island, Maryland": {
    "state": "24",
    "place": "77912",
    "population": "807"
  },
  "Tilghmanton, Maryland": {
    "state": "24",
    "place": "77925",
    "population": "423"
  },
  "Timonium, Maryland": {
    "state": "24",
    "place": "78050",
    "population": "10458"
  },
  "Tolchester, Maryland": {
    "state": "24",
    "place": "78120",
    "population": "297"
  },
  "Towson, Maryland": {
    "state": "24",
    "place": "78425",
    "population": "59553"
  },
  "Travilah, Maryland": {
    "state": "24",
    "place": "78650",
    "population": "11985"
  },
  "Trego-Rohrersville Station, Maryland": {
    "state": "24",
    "place": "78705",
    "population": "160"
  },
  "Tyaskin, Maryland": {
    "state": "24",
    "place": "79225",
    "population": "226"
  },
  "Urbana, Maryland": {
    "state": "24",
    "place": "79900",
    "population": "13304"
  },
  "Vale Summit, Maryland": {
    "state": "24",
    "place": "80075",
    "population": "111"
  },
  "Waldorf, Maryland": {
    "state": "24",
    "place": "81175",
    "population": "81410"
  },
  "Walker Mill, Maryland": {
    "state": "24",
    "place": "81250",
    "population": "12187"
  },
  "Waterview, Maryland": {
    "state": "24",
    "place": "81925",
    "population": "32"
  },
  "West Denton, Maryland": {
    "state": "24",
    "place": "82625",
    "population": "46"
  },
  "West Laurel, Maryland": {
    "state": "24",
    "place": "83025",
    "population": "4428"
  },
  "West Ocean City, Maryland": {
    "state": "24",
    "place": "83225",
    "population": "4952"
  },
  "Westphalia, Maryland": {
    "state": "24",
    "place": "83290",
    "population": "11770"
  },
  "West Pocomoke, Maryland": {
    "state": "24",
    "place": "83337",
    "population": "481"
  },
  "Whaleyville, Maryland": {
    "state": "24",
    "place": "83746",
    "population": "192"
  },
  "Wheaton, Maryland": {
    "state": "24",
    "place": "83775",
    "population": "52150"
  },
  "Whitehaven, Maryland": {
    "state": "24",
    "place": "84225",
    "population": "46"
  },
  "White Marsh, Maryland": {
    "state": "24",
    "place": "84350",
    "population": "10287"
  },
  "White Oak, Maryland": {
    "state": "24",
    "place": "84375",
    "population": "16347"
  },
  "Wildewood, Maryland": {
    "state": "24",
    "place": "84784",
    "population": "7821"
  },
  "Williston, Maryland": {
    "state": "24",
    "place": "85175",
    "population": "153"
  },
  "Wilson-Conococheague, Maryland": {
    "state": "24",
    "place": "85395",
    "population": "2262"
  },
  "Woodland, Maryland": {
    "state": "24",
    "place": "86275",
    "population": "91"
  },
  "Woodmore, Maryland": {
    "state": "24",
    "place": "86710",
    "population": "4513"
  },
  "Worton, Maryland": {
    "state": "24",
    "place": "87000",
    "population": "214"
  },
  "Yarrowsburg, Maryland": {
    "state": "24",
    "place": "87150",
    "population": "112"
  },
  "Zihlman, Maryland": {
    "state": "24",
    "place": "87275",
    "population": "331"
  },
  "Aberdeen Proving Ground, Maryland": {
    "state": "24",
    "place": "00175",
    "population": "1668"
  },
  "Abingdon, Maryland": {
    "state": "24",
    "place": "00200",
    "population": "4826"
  },
  "Accokeek, Maryland": {
    "state": "24",
    "place": "00250",
    "population": "13927"
  },
  "Adamstown, Maryland": {
    "state": "24",
    "place": "00350",
    "population": "2331"
  },
  "Adelphi, Maryland": {
    "state": "24",
    "place": "00400",
    "population": "16823"
  },
  "Algonquin, Maryland": {
    "state": "24",
    "place": "00712",
    "population": "1220"
  },
  "Allen, Maryland": {
    "state": "24",
    "place": "00800",
    "population": "199"
  },
  "Andrews AFB, Maryland": {
    "state": "24",
    "place": "01450",
    "population": "3025"
  },
  "Annapolis Neck, Maryland": {
    "state": "24",
    "place": "01635",
    "population": "10973"
  },
  "Antietam, Maryland": {
    "state": "24",
    "place": "01750",
    "population": "98"
  },
  "Aquasco, Maryland": {
    "state": "24",
    "place": "01925",
    "population": "913"
  },
  "Arbutus, Maryland": {
    "state": "24",
    "place": "01975",
    "population": "21655"
  },
  "Arden on the Severn, Maryland": {
    "state": "24",
    "place": "02025",
    "population": "1881"
  },
  "Arnold, Maryland": {
    "state": "24",
    "place": "02275",
    "population": "24064"
  },
  "Ashton-Sandy Spring, Maryland": {
    "state": "24",
    "place": "02762",
    "population": "5746"
  },
  "Aspen Hill, Maryland": {
    "state": "24",
    "place": "02825",
    "population": "51063"
  },
  "Baden, Maryland": {
    "state": "24",
    "place": "03500",
    "population": "2114"
  },
  "Bagtown, Maryland": {
    "state": "24",
    "place": "03514",
    "population": "321"
  },
  "Bakersville, Maryland": {
    "state": "24",
    "place": "03575",
    "population": "30"
  },
  "Ballenger Creek, Maryland": {
    "state": "24",
    "place": "03800",
    "population": "24999"
  },
  "Baltimore Highlands, Maryland": {
    "state": "24",
    "place": "04050",
    "population": "7740"
  },
  "Barrelville, Maryland": {
    "state": "24",
    "place": "04525",
    "population": "58"
  },
  "Bartonsville, Maryland": {
    "state": "24",
    "place": "04650",
    "population": "2753"
  },
  "Bel Air, Maryland": {
    "state": "24",
    "place": "05525",
    "population": "1689"
  },
  "Bel Air North, Maryland": {
    "state": "24",
    "place": "05825",
    "population": "31841"
  },
  "Bel Air South, Maryland": {
    "state": "24",
    "place": "05950",
    "population": "57648"
  },
  "Beltsville, Maryland": {
    "state": "24",
    "place": "06400",
    "population": "20133"
  },
  "Benedict, Maryland": {
    "state": "24",
    "place": "06550",
    "population": "232"
  },
  "Bensville, Maryland": {
    "state": "24",
    "place": "06662",
    "population": "15288"
  },
  "Bethesda, Maryland": {
    "state": "24",
    "place": "07125",
    "population": "68056"
  },
  "Bier, Maryland": {
    "state": "24",
    "place": "07285",
    "population": "186"
  },
  "Big Pool, Maryland": {
    "state": "24",
    "place": "07375",
    "population": "78"
  },
  "Big Spring, Maryland": {
    "state": "24",
    "place": "07400",
    "population": "85"
  },
  "Bishopville, Maryland": {
    "state": "24",
    "place": "07625",
    "population": "499"
  },
  "Bivalve, Maryland": {
    "state": "24",
    "place": "07675",
    "population": "185"
  },
  "Bloomington, Maryland": {
    "state": "24",
    "place": "08050",
    "population": "271"
  },
  "Bowleys Quarters, Maryland": {
    "state": "24",
    "place": "08800",
    "population": "6853"
  },
  "Bowling Green, Maryland": {
    "state": "24",
    "place": "08850",
    "population": "1018"
  },
  "Bowmans Addition, Maryland": {
    "state": "24",
    "place": "08862",
    "population": "584"
  },
  "Braddock Heights, Maryland": {
    "state": "24",
    "place": "09100",
    "population": "3075"
  },
  "Brandywine, Maryland": {
    "state": "24",
    "place": "09325",
    "population": "10550"
  },
  "Breathedsville, Maryland": {
    "state": "24",
    "place": "09400",
    "population": "255"
  },
  "Brock Hall, Maryland": {
    "state": "24",
    "place": "10150",
    "population": "13181"
  },
  "Brooklyn Park, Maryland": {
    "state": "24",
    "place": "10475",
    "population": "16112"
  },
  "Brookmont, Maryland": {
    "state": "24",
    "place": "10500",
    "population": "3751"
  },
  "Broomes Island, Maryland": {
    "state": "24",
    "place": "10650",
    "population": "379"
  },
  "Brown Station, Maryland": {
    "state": "24",
    "place": "10737",
    "population": "3298"
  },
  "Brownsville, Maryland": {
    "state": "24",
    "place": "10800",
    "population": "102"
  },
  "Bryans Road, Maryland": {
    "state": "24",
    "place": "10925",
    "population": "8650"
  },
  "Bryantown, Maryland": {
    "state": "24",
    "place": "10950",
    "population": "653"
  },
  "Buckeystown, Maryland": {
    "state": "24",
    "place": "11050",
    "population": "1072"
  },
  "Beaver Creek, Maryland": {
    "state": "24",
    "place": "05250",
    "population": "461"
  },
  "Burnt Mills, Maryland": {
    "state": "24",
    "place": "11550",
    "population": "3592"
  },
  "Burtonsville, Maryland": {
    "state": "24",
    "place": "11750",
    "population": "9498"
  },
  "Butlertown, Maryland": {
    "state": "24",
    "place": "11900",
    "population": "520"
  },
  "Cabin John, Maryland": {
    "state": "24",
    "place": "12075",
    "population": "2459"
  },
  "California, Maryland": {
    "state": "24",
    "place": "12150",
    "population": "12947"
  },
  "Callaway, Maryland": {
    "state": "24",
    "place": "12175",
    "population": "1779"
  },
  "Calvert Beach, Maryland": {
    "state": "24",
    "place": "12300",
    "population": "791"
  },
  "Calverton, Maryland": {
    "state": "24",
    "place": "12350",
    "population": "17316"
  },
  "Camp Springs, Maryland": {
    "state": "24",
    "place": "12600",
    "population": "22734"
  },
  "Cape St. Claire, Maryland": {
    "state": "24",
    "place": "12912",
    "population": "9179"
  },
  "Carlos, Maryland": {
    "state": "24",
    "place": "13225",
    "population": "144"
  },
  "Carney, Maryland": {
    "state": "24",
    "place": "13325",
    "population": "29363"
  },
  "Catonsville, Maryland": {
    "state": "24",
    "place": "14125",
    "population": "44701"
  },
  "Cavetown, Maryland": {
    "state": "24",
    "place": "14225",
    "population": "1446"
  },
  "Cedar Heights, Maryland": {
    "state": "24",
    "place": "14550",
    "population": "1597"
  },
  "Cedarville, Maryland": {
    "state": "24",
    "place": "14800",
    "population": "639"
  },
  "Chance, Maryland": {
    "state": "24",
    "place": "15075",
    "population": "330"
  },
  "Charlotte Hall, Maryland": {
    "state": "24",
    "place": "15475",
    "population": "1388"
  },
  "Charlton, Maryland": {
    "state": "24",
    "place": "15500",
    "population": "166"
  },
  "Chesapeake Landing, Maryland": {
    "state": "24",
    "place": "16025",
    "population": "472"
  },
  "Chesapeake Ranch Estates, Maryland": {
    "state": "24",
    "place": "16050",
    "population": "10308"
  },
  "Chester, Maryland": {
    "state": "24",
    "place": "16125",
    "population": "5003"
  },
  "Chevy Chase, Maryland": {
    "state": "24",
    "place": "16625",
    "population": "10176"
  },
  "Chewsville, Maryland": {
    "state": "24",
    "place": "16800",
    "population": "261"
  },
  "Chillum, Maryland": {
    "state": "24",
    "place": "16875",
    "population": "36039"
  },
  "Choptank, Maryland": {
    "state": "24",
    "place": "17000",
    "population": "126"
  },
  "Clarksburg, Maryland": {
    "state": "24",
    "place": "17350",
    "population": "29051"
  },
  "Clarysville, Maryland": {
    "state": "24",
    "place": "17475",
    "population": "67"
  },
  "Clinton, Maryland": {
    "state": "24",
    "place": "17900",
    "population": "38760"
  },
  "Cloverly, Maryland": {
    "state": "24",
    "place": "18150",
    "population": "15285"
  },
  "Cobb Island, Maryland": {
    "state": "24",
    "place": "18200",
    "population": "929"
  },
  "Cockeysville, Maryland": {
    "state": "24",
    "place": "18250",
    "population": "24184"
  },
  "Colesville, Maryland": {
    "state": "24",
    "place": "18475",
    "population": "15421"
  },
  "Columbia, Maryland": {
    "state": "24",
    "place": "19125",
    "population": "104681"
  },
  "Coral Hills, Maryland": {
    "state": "24",
    "place": "19825",
    "population": "9997"
  },
  "Cordova, Maryland": {
    "state": "24",
    "place": "19900",
    "population": "551"
  },
  "Corriganville, Maryland": {
    "state": "24",
    "place": "19975",
    "population": "421"
  },
  "Cearfoss, Maryland": {
    "state": "24",
    "place": "14300",
    "population": "176"
  },
  "Crellin, Maryland": {
    "state": "24",
    "place": "20500",
    "population": "210"
  },
  "Cresaptown, Maryland": {
    "state": "24",
    "place": "20525",
    "population": "5442"
  },
  "Crofton, Maryland": {
    "state": "24",
    "place": "20875",
    "population": "29641"
  },
  "Croom, Maryland": {
    "state": "24",
    "place": "20925",
    "population": "2720"
  },
  "Crownsville, Maryland": {
    "state": "24",
    "place": "21075",
    "population": "1924"
  },
  "Crumpton, Maryland": {
    "state": "24",
    "place": "21150",
    "population": "496"
  },
  "Damascus, Maryland": {
    "state": "24",
    "place": "21475",
    "population": "17224"
  },
  "Dames Quarter, Maryland": {
    "state": "24",
    "place": "21550",
    "population": "142"
  },
  "Danville, Maryland": {
    "state": "24",
    "place": "21675",
    "population": "224"
  },
  "Dargan, Maryland": {
    "state": "24",
    "place": "21750",
    "population": "163"
  },
  "Darlington, Maryland": {
    "state": "24",
    "place": "21800",
    "population": "398"
  },
  "Darnestown, Maryland": {
    "state": "24",
    "place": "21825",
    "population": "6723"
  },
  "Dawson, Maryland": {
    "state": "24",
    "place": "21925",
    "population": "100"
  },
  "Deale, Maryland": {
    "state": "24",
    "place": "22050",
    "population": "4943"
  },
  "Deal Island, Maryland": {
    "state": "24",
    "place": "22100",
    "population": "375"
  },
  "Derwood, Maryland": {
    "state": "24",
    "place": "22775",
    "population": "2535"
  },
  "Detmold, Maryland": {
    "state": "24",
    "place": "22825",
    "population": "66"
  },
  "Downsville, Maryland": {
    "state": "24",
    "place": "23500",
    "population": "341"
  },
  "Drum Point, Maryland": {
    "state": "24",
    "place": "23700",
    "population": "2553"
  },
  "Dundalk, Maryland": {
    "state": "24",
    "place": "23975",
    "population": "67796"
  },
  "Dunkirk, Maryland": {
    "state": "24",
    "place": "24050",
    "population": "2431"
  },
  "Eakles Mill, Maryland": {
    "state": "24",
    "place": "24250",
    "population": "26"
  },
  "East Riverdale, Maryland": {
    "state": "24",
    "place": "24650",
    "population": "18459"
  },
  "Eckhart Mines, Maryland": {
    "state": "24",
    "place": "24825",
    "population": "858"
  },
  "Eden, Maryland": {
    "state": "24",
    "place": "24850",
    "population": "803"
  },
  "Edesville, Maryland": {
    "state": "24",
    "place": "24925",
    "population": "169"
  },
  "Edgemere, Maryland": {
    "state": "24",
    "place": "24950",
    "population": "9069"
  },
  "Edgemont, Maryland": {
    "state": "24",
    "place": "25000",
    "population": "218"
  },
  "Edgewater, Maryland": {
    "state": "24",
    "place": "25050",
    "population": "9446"
  },
  "Edgewood, Maryland": {
    "state": "24",
    "place": "25150",
    "population": "25713"
  },
  "Eldersburg, Maryland": {
    "state": "24",
    "place": "25575",
    "population": "32582"
  },
  "Elkridge, Maryland": {
    "state": "24",
    "place": "25750",
    "population": "25171"
  },
  "Ellerslie, Maryland": {
    "state": "24",
    "place": "25925",
    "population": "651"
  },
  "Ellicott City, Maryland": {
    "state": "24",
    "place": "26000",
    "population": "75947"
  },
  "Elliott, Maryland": {
    "state": "24",
    "place": "26025",
    "population": "43"
  },
  "Ernstville, Maryland": {
    "state": "24",
    "place": "26550",
    "population": "58"
  },
  "Essex, Maryland": {
    "state": "24",
    "place": "26600",
    "population": "40505"
  },
  "Fairland, Maryland": {
    "state": "24",
    "place": "27250",
    "population": "25396"
  },
  "Fairlee, Maryland": {
    "state": "24",
    "place": "27325",
    "population": "500"
  },
  "Fairmount, Maryland": {
    "state": "24",
    "place": "27375",
    "population": "408"
  },
  "Fairplay, Maryland": {
    "state": "24",
    "place": "27425",
    "population": "537"
  },
  "Fairview, Maryland": {
    "state": "24",
    "place": "27500",
    "population": "76"
  },
  "Fairwood, Maryland": {
    "state": "24",
    "place": "27580",
    "population": "7983"
  },
  "Fallston, Maryland": {
    "state": "24",
    "place": "27700",
    "population": "9306"
  },
  "Ferndale, Maryland": {
    "state": "24",
    "place": "28075",
    "population": "17091"
  },
  "Finzel, Maryland": {
    "state": "24",
    "place": "28275",
    "population": "495"
  },
  "Fishing Creek, Maryland": {
    "state": "24",
    "place": "28300",
    "population": "173"
  },
  "Flintstone, Maryland": {
    "state": "24",
    "place": "28425",
    "population": "167"
  },
  "Flower Hill, Maryland": {
    "state": "24",
    "place": "28512",
    "population": "14108"
  },
  "Forest Glen, Maryland": {
    "state": "24",
    "place": "28640",
    "population": "6897"
  },
  "Forestville, Maryland": {
    "state": "24",
    "place": "29000",
    "population": "12831"
  },
  "Fort Meade, Maryland": {
    "state": "24",
    "place": "29400",
    "population": "9324"
  },
  "Fort Ritchie, Maryland": {
    "state": "24",
    "place": "29450",
    "population": "12"
  },
  "Fort Washington, Maryland": {
    "state": "24",
    "place": "29525",
    "population": "24261"
  },
  "Fountainhead-Orchard Hills, Maryland": {
    "state": "24",
    "place": "29712",
    "population": "6189"
  },
  "Four Corners, Maryland": {
    "state": "24",
    "place": "29790",
    "population": "8316"
  },
  "Franklin, Maryland": {
    "state": "24",
    "place": "30100",
    "population": "253"
  },
  "Frenchtown-Rumbly, Maryland": {
    "state": "24",
    "place": "30567",
    "population": "86"
  },
  "Friendly, Maryland": {
    "state": "24",
    "place": "30575",
    "population": "9937"
  },
  "Friendship, Maryland": {
    "state": "24",
    "place": "30650",
    "population": "384"
  },
  "Friendship Heights Village, Maryland": {
    "state": "24",
    "place": "30800",
    "population": "5360"
  },
  "Fulton, Maryland": {
    "state": "24",
    "place": "31025",
    "population": "5916"
  },
  "Galesville, Maryland": {
    "state": "24",
    "place": "31275",
    "population": "623"
  },
  "Gambrills, Maryland": {
    "state": "24",
    "place": "31350",
    "population": "3034"
  },
  "Gapland, Maryland": {
    "state": "24",
    "place": "31400",
    "population": "109"
  },
  "Garretts Mill, Maryland": {
    "state": "24",
    "place": "31575",
    "population": "228"
  },
  "Garrison, Maryland": {
    "state": "24",
    "place": "31625",
    "population": "9487"
  },
  "Georgetown, Maryland": {
    "state": "24",
    "place": "31875",
    "population": "117"
  },
  "Germantown, Maryland": {
    "state": "24",
    "place": "32025",
    "population": "91249"
  },
  "Gilmore, Maryland": {
    "state": "24",
    "place": "32175",
    "population": "132"
  },
  "Girdletree, Maryland": {
    "state": "24",
    "place": "32250",
    "population": "141"
  },
  "Glassmanor, Maryland": {
    "state": "24",
    "place": "32350",
    "population": "18430"
  },
  "Glen Burnie, Maryland": {
    "state": "24",
    "place": "32650",
    "population": "72891"
  },
  "Glenmont, Maryland": {
    "state": "24",
    "place": "33250",
    "population": "16710"
  },
  "Glenn Dale, Maryland": {
    "state": "24",
    "place": "33400",
    "population": "14698"
  },
  "Golden Beach, Maryland": {
    "state": "24",
    "place": "33850",
    "population": "3651"
  },
  "Gorman, Maryland": {
    "state": "24",
    "place": "34150",
    "population": "85"
  },
  "Graceham, Maryland": {
    "state": "24",
    "place": "34350",
    "population": "243"
  },
  "Grahamtown, Maryland": {
    "state": "24",
    "place": "34425",
    "population": "368"
  },
  "Grasonville, Maryland": {
    "state": "24",
    "place": "34550",
    "population": "3474"
  },
  "Greensburg, Maryland": {
    "state": "24",
    "place": "35225",
    "population": "236"
  },
  "Green Valley, Maryland": {
    "state": "24",
    "place": "35412",
    "population": "12643"
  },
  "Halfway, Maryland": {
    "state": "24",
    "place": "36125",
    "population": "11896"
  },
  "Hampton, Maryland": {
    "state": "24",
    "place": "36512",
    "population": "5180"
  },
  "Herald Harbor, Maryland": {
    "state": "24",
    "place": "38025",
    "population": "2869"
  },
  "Highfield-Cascade, Maryland": {
    "state": "24",
    "place": "38437",
    "population": "1082"
  },
  "Highland, Maryland": {
    "state": "24",
    "place": "38475",
    "population": "1133"
  },
  "Hillandale, Maryland": {
    "state": "24",
    "place": "38850",
    "population": "5774"
  },
  "Hillcrest Heights, Maryland": {
    "state": "24",
    "place": "38975",
    "population": "15793"
  },
  "Honeygo, Maryland": {
    "state": "24",
    "place": "40200",
    "population": "12927"
  },
  "Hughesville, Maryland": {
    "state": "24",
    "place": "40700",
    "population": "2438"
  },
  "Huntingtown, Maryland": {
    "state": "24",
    "place": "41025",
    "population": "3545"
  },
  "Hutton, Maryland": {
    "state": "24",
    "place": "41175",
    "population": "87"
  },
  "Ilchester, Maryland": {
    "state": "24",
    "place": "41475",
    "population": "26824"
  },
  "Indian Springs, Maryland": {
    "state": "24",
    "place": "41700",
    "population": "68"
  },
  "Jarrettsville, Maryland": {
    "state": "24",
    "place": "42325",
    "population": "2888"
  },
  "Jefferson, Maryland": {
    "state": "24",
    "place": "42350",
    "population": "2697"
  },
  "Jennings, Maryland": {
    "state": "24",
    "place": "42450",
    "population": "99"
  },
  "Jessup, Maryland": {
    "state": "24",
    "place": "42550",
    "population": "10535"
  },
  "Jesterville, Maryland": {
    "state": "24",
    "place": "42575",
    "population": "179"
  },
  "Joppatowne, Maryland": {
    "state": "24",
    "place": "42875",
    "population": "13425"
  },
  "Jugtown, Maryland": {
    "state": "24",
    "place": "42950",
    "population": "168"
  },
  "Kemp Mill, Maryland": {
    "state": "24",
    "place": "43200",
    "population": "13378"
  },
  "Kemps Mill, Maryland": {
    "state": "24",
    "place": "43280",
    "population": "117"
  },
  "Kennedyville, Maryland": {
    "state": "24",
    "place": "43475",
    "population": "230"
  },
  "Kent Narrows, Maryland": {
    "state": "24",
    "place": "43725",
    "population": "612"
  },
  "Kettering, Maryland": {
    "state": "24",
    "place": "43900",
    "population": "14424"
  },
  "Kingstown, Maryland": {
    "state": "24",
    "place": "44325",
    "population": "1689"
  },
  "Kingsville, Maryland": {
    "state": "24",
    "place": "44350",
    "population": "4358"
  },
  "Klondike, Maryland": {
    "state": "24",
    "place": "44525",
    "population": "103"
  },
  "Konterra, Maryland": {
    "state": "24",
    "place": "44715",
    "population": "3158"
  },
  "Lake Arbor, Maryland": {
    "state": "24",
    "place": "44817",
    "population": "14541"
  },
  "Lake Shore, Maryland": {
    "state": "24",
    "place": "44975",
    "population": "19551"
  },
  "Landover, Maryland": {
    "state": "24",
    "place": "45325",
    "population": "25998"
  },
  "Langley Park, Maryland": {
    "state": "24",
    "place": "45525",
    "population": "20126"
  },
  "Lanham, Maryland": {
    "state": "24",
    "place": "45550",
    "population": "11282"
  },
  "Lansdowne, Maryland": {
    "state": "24",
    "place": "45650",
    "population": "9004"
  },
  "Largo, Maryland": {
    "state": "24",
    "place": "45825",
    "population": "11605"
  },
  "La Vale, Maryland": {
    "state": "24",
    "place": "46075",
    "population": "4201"
  },
  "Layhill, Maryland": {
    "state": "24",
    "place": "46150",
    "population": "5764"
  },
  "Leisure World, Maryland": {
    "state": "24",
    "place": "46375",
    "population": "9215"
  },
  "Leitersburg, Maryland": {
    "state": "24",
    "place": "46400",
    "population": "569"
  },
  "Lewistown, Maryland": {
    "state": "24",
    "place": "46650",
    "population": "458"
  },
  "Lexington Park, Maryland": {
    "state": "24",
    "place": "46725",
    "population": "13317"
  },
  "Libertytown, Maryland": {
    "state": "24",
    "place": "46800",
    "population": "984"
  },
  "Linganore, Maryland": {
    "state": "24",
    "place": "47040",
    "population": "12351"
  },
  "Linthicum, Maryland": {
    "state": "24",
    "place": "47125",
    "population": "11190"
  },
  "Lisbon, Maryland": {
    "state": "24",
    "place": "47250",
    "population": "282"
  },
  "Little Orleans, Maryland": {
    "state": "24",
    "place": "47275",
    "population": "65"
  },
  "Lochearn, Maryland": {
    "state": "24",
    "place": "47450",
    "population": "25511"
  },
  "Long Beach, Maryland": {
    "state": "24",
    "place": "48025",
    "population": "1739"
  },
  "Lusby, Maryland": {
    "state": "24",
    "place": "48800",
    "population": "2072"
  },
  "Lutherville, Maryland": {
    "state": "24",
    "place": "48875",
    "population": "6835"
  },
  "McCoole, Maryland": {
    "state": "24",
    "place": "49325",
    "population": "449"
  },
  "Madison, Maryland": {
    "state": "24",
    "place": "49700",
    "population": "205"
  },
  "Mapleville, Maryland": {
    "state": "24",
    "place": "50375",
    "population": "243"
  },
  "Marlboro Meadows, Maryland": {
    "state": "24",
    "place": "50680",
    "population": "3655"
  },
  "Marlboro Village, Maryland": {
    "state": "24",
    "place": "50685",
    "population": "9221"
  },
  "Marlow Heights, Maryland": {
    "state": "24",
    "place": "50750",
    "population": "6169"
  },
  "Marlton, Maryland": {
    "state": "24",
    "place": "50775",
    "population": "9802"
  },
  "Maryland City, Maryland": {
    "state": "24",
    "place": "51075",
    "population": "19153"
  },
  "Maryland Park, Maryland": {
    "state": "24",
    "place": "51125",
    "population": "965"
  },
  "Maugansville, Maryland": {
    "state": "24",
    "place": "51425",
    "population": "3669"
  },
  "Mayo, Maryland": {
    "state": "24",
    "place": "51575",
    "population": "8832"
  },
  "Mays Chapel, Maryland": {
    "state": "24",
    "place": "51587",
    "population": "12224"
  },
  "Mechanicsville, Maryland": {
    "state": "24",
    "place": "51800",
    "population": "1673"
  },
  "Melwood, Maryland": {
    "state": "24",
    "place": "51940",
    "population": "3977"
  },
  "Mercersville, Maryland": {
    "state": "24",
    "place": "51945",
    "population": "91"
  },
  "Middleburg, Maryland": {
    "state": "24",
    "place": "52225",
    "population": "73"
  },
  "Middle River, Maryland": {
    "state": "24",
    "place": "52300",
    "population": "33203"
  },
  "Midlothian, Maryland": {
    "state": "24",
    "place": "52525",
    "population": "352"
  },
  "Milford Mill, Maryland": {
    "state": "24",
    "place": "52562",
    "population": "30622"
  },
  "Mitchellville, Maryland": {
    "state": "24",
    "place": "52975",
    "population": "11136"
  },
  "Monrovia, Maryland": {
    "state": "24",
    "place": "53100",
    "population": "2702"
  },
  "Montgomery Village, Maryland": {
    "state": "24",
    "place": "53325",
    "population": "34893"
  },
  "Moscow, Maryland": {
    "state": "24",
    "place": "53700",
    "population": "219"
  },
  "Mount Aetna, Maryland": {
    "state": "24",
    "place": "53750",
    "population": "580"
  },
  "Mount Briar, Maryland": {
    "state": "24",
    "place": "53925",
    "population": "170"
  },
  "Mount Lena, Maryland": {
    "state": "24",
    "place": "54125",
    "population": "547"
  },
  "Mount Savage, Maryland": {
    "state": "24",
    "place": "54325",
    "population": "733"
  },
  "Mount Vernon, Maryland": {
    "state": "24",
    "place": "54375",
    "population": "761"
  },
  "Nanticoke, Maryland": {
    "state": "24",
    "place": "54925",
    "population": "209"
  },
  "Nanticoke Acres, Maryland": {
    "state": "24",
    "place": "54930",
    "population": "120"
  },
  "National, Maryland": {
    "state": "24",
    "place": "55000",
    "population": "52"
  },
  "National Harbor, Maryland": {
    "state": "24",
    "place": "55018",
    "population": "5509"
  },
  "Naval Academy, Maryland": {
    "state": "24",
    "place": "55050",
    "population": "485"
  },
  "Newark, Maryland": {
    "state": "24",
    "place": "55325",
    "population": "401"
  },
  "Nikep, Maryland": {
    "state": "24",
    "place": "55950",
    "population": "95"
  },
  "North Bethesda, Maryland": {
    "state": "24",
    "place": "56337",
    "population": "50094"
  },
  "North Kensington, Maryland": {
    "state": "24",
    "place": "56712",
    "population": "9497"
  },
  "North Laurel, Maryland": {
    "state": "24",
    "place": "56725",
    "population": "25379"
  },
  "North Potomac, Maryland": {
    "state": "24",
    "place": "56875",
    "population": "23790"
  },
  "Ocean, Maryland": {
    "state": "24",
    "place": "58215",
    "population": "33"
  },
  "Ocean Pines, Maryland": {
    "state": "24",
    "place": "58275",
    "population": "12145"
  },
  "Odenton, Maryland": {
    "state": "24",
    "place": "58300",
    "population": "42947"
  },
  "Oldtown, Maryland": {
    "state": "24",
    "place": "58775",
    "population": "116"
  },
  "Olney, Maryland": {
    "state": "24",
    "place": "58900",
    "population": "35820"
  },
  "Overlea, Maryland": {
    "state": "24",
    "place": "59325",
    "population": "12832"
  },
  "Owings, Maryland": {
    "state": "24",
    "place": "59375",
    "population": "2141"
  },
  "Owings Mills, Maryland": {
    "state": "24",
    "place": "59425",
    "population": "35674"
  },
  "Oxon Hill, Maryland": {
    "state": "24",
    "place": "59500",
    "population": "18791"
  },
  "Paramount-Long Meadow, Maryland": {
    "state": "24",
    "place": "59787",
    "population": "2658"
  },
  "Parkville, Maryland": {
    "state": "24",
    "place": "60275",
    "population": "31812"
  },
  "Parole, Maryland": {
    "state": "24",
    "place": "60325",
    "population": "17877"
  },
  "Parsonsburg, Maryland": {
    "state": "24",
    "place": "60425",
    "population": "319"
  },
  "Pasadena, Maryland": {
    "state": "24",
    "place": "60475",
    "population": "32979"
  },
  "Pecktonville, Maryland": {
    "state": "24",
    "place": "60770",
    "population": "164"
  },
  "Peppermill Village, Maryland": {
    "state": "24",
    "place": "60950",
    "population": "5264"
  },
  "Perry Hall, Maryland": {
    "state": "24",
    "place": "60975",
    "population": "29409"
  },
  "Perryman, Maryland": {
    "state": "24",
    "place": "61075",
    "population": "2496"
  },
  "Pikesville, Maryland": {
    "state": "24",
    "place": "61400",
    "population": "34168"
  },
  "Pinesburg, Maryland": {
    "state": "24",
    "place": "61700",
    "population": "444"
  },
  "Piney Point, Maryland": {
    "state": "24",
    "place": "61875",
    "population": "980"
  },
  "Pleasant Grove, Maryland": {
    "state": "24",
    "place": "62100",
    "population": "330"
  },
  "Pleasant Hills, Maryland": {
    "state": "24",
    "place": "62175",
    "population": "3998"
  },
  "Point of Rocks, Maryland": {
    "state": "24",
    "place": "62575",
    "population": "1886"
  },
  "Pomfret, Maryland": {
    "state": "24",
    "place": "62675",
    "population": "514"
  },
  "Pondsville, Maryland": {
    "state": "24",
    "place": "62775",
    "population": "139"
  },
  "Potomac, Maryland": {
    "state": "24",
    "place": "63300",
    "population": "47018"
  },
  "Potomac Heights, Maryland": {
    "state": "24",
    "place": "63375",
    "population": "1036"
  },
  "Potomac Park, Maryland": {
    "state": "24",
    "place": "63425",
    "population": "821"
  },
  "Powellville, Maryland": {
    "state": "24",
    "place": "63725",
    "population": "188"
  },
  "Prince Frederick, Maryland": {
    "state": "24",
    "place": "63950",
    "population": "3226"
  },
  "Pylesville, Maryland": {
    "state": "24",
    "place": "64375",
    "population": "711"
  },
  "Quantico, Maryland": {
    "state": "24",
    "place": "64475",
    "population": "148"
  },
  "Queen Anne, Maryland": {
    "state": "24",
    "place": "64495",
    "population": "1405"
  },
  "Queensland, Maryland": {
    "state": "24",
    "place": "64568",
    "population": "2191"
  },
  "Randallstown, Maryland": {
    "state": "24",
    "place": "64950",
    "population": "33655"
  },
  "Rawlings, Maryland": {
    "state": "24",
    "place": "65150",
    "population": "687"
  },
  "Redland, Maryland": {
    "state": "24",
    "place": "65312",
    "population": "18592"
  },
  "Reid, Maryland": {
    "state": "24",
    "place": "65550",
    "population": "64"
  },
  "Reisterstown, Maryland": {
    "state": "24",
    "place": "65600",
    "population": "26822"
  }
}
