{
  "Jacksonville CDP (Centre County), Pennsylvania": {
    "state": "42",
    "place": "37544",
    "population": "84"
  },
  "Jacksonville CDP (Indiana County), Pennsylvania": {
    "state": "42",
    "place": "37552",
    "population": "620"
  },
  "Jefferson borough (Greene County), Pennsylvania": {
    "state": "42",
    "place": "37880",
    "population": "253"
  },
  "Jefferson borough (York County), Pennsylvania": {
    "state": "42",
    "place": "37944",
    "population": "658"
  },
  "Unionville CDP (Butler County), Pennsylvania": {
    "state": "42",
    "place": "78608",
    "population": "849"
  },
  "Unionville CDP (Chester County), Pennsylvania": {
    "state": "42",
    "place": "78624",
    "population": "577"
  },
  "Valley View CDP (Schuylkill County), Pennsylvania": {
    "state": "42",
    "place": "79680",
    "population": "1595"
  },
  "Valley View CDP (York County), Pennsylvania": {
    "state": "42",
    "place": "79682",
    "population": "2926"
  },
  "Vicksburg CDP (Blair County), Pennsylvania": {
    "state": "42",
    "place": "80136",
    "population": "127"
  },
  "Vicksburg CDP (Union County), Pennsylvania": {
    "state": "42",
    "place": "80144",
    "population": "255"
  },
  "Aaronsburg CDP (Centre County), Pennsylvania": {
    "state": "42",
    "place": "00100",
    "population": "593"
  },
  "Aaronsburg CDP (Washington County), Pennsylvania": {
    "state": "42",
    "place": "00104",
    "population": "361"
  },
  "Liberty borough (Allegheny County), Pennsylvania": {
    "state": "42",
    "place": "43064",
    "population": "2355"
  },
  "Liberty borough (Tioga County), Pennsylvania": {
    "state": "42",
    "place": "43128",
    "population": "234"
  },
  "Westwood CDP (Cambria County), Pennsylvania": {
    "state": "42",
    "place": "84240",
    "population": "1692"
  },
  "Westwood CDP (Chester County), Pennsylvania": {
    "state": "42",
    "place": "84248",
    "population": "1003"
  },
  "Marshallton CDP (Chester County), Pennsylvania": {
    "state": "42",
    "place": "47728",
    "population": "500"
  },
  "Marshallton CDP (Northumberland County), Pennsylvania": {
    "state": "42",
    "place": "47736",
    "population": "1348"
  },
  "Centerville borough (Crawford County), Pennsylvania": {
    "state": "42",
    "place": "12184",
    "population": "178"
  },
  "Centerville borough (Washington County), Pennsylvania": {
    "state": "42",
    "place": "12224",
    "population": "3256"
  },
  "Newburg borough (Clearfield County), Pennsylvania": {
    "state": "42",
    "place": "53336",
    "population": "82"
  },
  "Newburg borough (Cumberland County), Pennsylvania": {
    "state": "42",
    "place": "53344",
    "population": "364"
  },
  "Coaldale borough (Bedford County), Pennsylvania": {
    "state": "42",
    "place": "14584",
    "population": "126"
  },
  "Coaldale borough (Schuylkill County), Pennsylvania": {
    "state": "42",
    "place": "14600",
    "population": "2426"
  },
  "Oakland CDP (Cambria County), Pennsylvania": {
    "state": "42",
    "place": "55996",
    "population": "1481"
  },
  "Oakland CDP (Lawrence County), Pennsylvania": {
    "state": "42",
    "place": "56000",
    "population": "1437"
  },
  "Eagleville CDP (Centre County), Pennsylvania": {
    "state": "42",
    "place": "20664",
    "population": "285"
  },
  "Eagleville CDP (Montgomery County), Pennsylvania": {
    "state": "42",
    "place": "20672",
    "population": "4647"
  },
  "Pleasantville borough (Bedford County), Pennsylvania": {
    "state": "42",
    "place": "61496",
    "population": "191"
  },
  "Pleasantville borough (Venango County), Pennsylvania": {
    "state": "42",
    "place": "61512",
    "population": "846"
  },
  "Fredericksburg CDP (Blair County), Pennsylvania": {
    "state": "42",
    "place": "27641",
    "population": "172"
  },
  "Fredericksburg CDP (Crawford County), Pennsylvania": {
    "state": "42",
    "place": "27648",
    "population": "728"
  },
  "Fredericksburg CDP (Lebanon County), Pennsylvania": {
    "state": "42",
    "place": "27656",
    "population": "1448"
  },
  "Georgetown CDP (Lancaster County), Pennsylvania": {
    "state": "42",
    "place": "28828",
    "population": "1058"
  },
  "Georgetown CDP (Luzerne County), Pennsylvania": {
    "state": "42",
    "place": "28832",
    "population": "1723"
  }
}
