{
  "Belknap County, New Hampshire": "county:33001",
  "Carroll County, New Hampshire": "county:33003",
  "Cheshire County, New Hampshire": "county:33005",
  "Coos County, New Hampshire": "county:33007",
  "Grafton County, New Hampshire": "county:33009",
  "Hillsborough County, New Hampshire": "county:33011",
  "Merrimack County, New Hampshire": "county:33013",
  "Rockingham County, New Hampshire": "county:33015",
  "Strafford County, New Hampshire": "county:33017",
  "Sullivan County, New Hampshire": "county:33019"
}
