{
  "Ashaway, Rhode Island": {
    "state": "44",
    "place": "03520",
    "population": "1501"
  },
  "Bradford, Rhode Island": {
    "state": "44",
    "place": "08020",
    "population": "1457"
  },
  "Carolina, Rhode Island": {
    "state": "44",
    "place": "12340",
    "population": "924"
  },
  "Charlestown, Rhode Island": {
    "state": "44",
    "place": "14320",
    "population": "1714"
  },
  "Chepachet, Rhode Island": {
    "state": "44",
    "place": "14860",
    "population": "1704"
  },
  "Clayville, Rhode Island": {
    "state": "44",
    "place": "15940",
    "population": "312"
  },
  "Cumberland Hill, Rhode Island": {
    "state": "44",
    "place": "20260",
    "population": "8140"
  },
  "Foster Center, Rhode Island": {
    "state": "44",
    "place": "27640",
    "population": "333"
  },
  "Greene, Rhode Island": {
    "state": "44",
    "place": "31240",
    "population": "914"
  },
  "Greenville, Rhode Island": {
    "state": "44",
    "place": "31600",
    "population": "9061"
  },
  "Harmony, Rhode Island": {
    "state": "44",
    "place": "33040",
    "population": "1036"
  },
  "Harrisville, Rhode Island": {
    "state": "44",
    "place": "33400",
    "population": "1745"
  },
  "Hope Valley, Rhode Island": {
    "state": "44",
    "place": "34660",
    "population": "1870"
  },
  "Hopkinton, Rhode Island": {
    "state": "44",
    "place": "35200",
    "population": "475"
  },
  "Kingston, Rhode Island": {
    "state": "44",
    "place": "38980",
    "population": "7825"
  },
  "Melville, Rhode Island": {
    "state": "44",
    "place": "45010",
    "population": "1609"
  },
  "Misquamicut, Rhode Island": {
    "state": "44",
    "place": "46000",
    "population": "434"
  },
  "Narragansett Pier, Rhode Island": {
    "state": "44",
    "place": "48700",
    "population": "3308"
  },
  "Newport East, Rhode Island": {
    "state": "44",
    "place": "50140",
    "population": "12337"
  },
  "Pascoag, Rhode Island": {
    "state": "44",
    "place": "54460",
    "population": "4641"
  },
  "Quonochontaug, Rhode Island": {
    "state": "44",
    "place": "60260",
    "population": "422"
  },
  "Tiverton, Rhode Island": {
    "state": "44",
    "place": "70700",
    "population": "7809"
  },
  "Valley Falls, Rhode Island": {
    "state": "44",
    "place": "72500",
    "population": "12094"
  },
  "Wakefield-Peace Dale, Rhode Island": {
    "state": "44",
    "place": "73132",
    "population": "8925"
  },
  "Watch Hill, Rhode Island": {
    "state": "44",
    "place": "75200",
    "population": "212"
  },
  "Weekapaug, Rhode Island": {
    "state": "44",
    "place": "75920",
    "population": "467"
  },
  "Westerly, Rhode Island": {
    "state": "44",
    "place": "76820",
    "population": "18423"
  },
  "Wyoming, Rhode Island": {
    "state": "44",
    "place": "80960",
    "population": "415"
  }
}
