{
  "Abercrombie, North Dakota": {
    "state": "38",
    "place": "00100",
    "population": "244"
  },
  "Adams, North Dakota": {
    "state": "38",
    "place": "00340",
    "population": "127"
  },
  "Alamo, North Dakota": {
    "state": "38",
    "place": "00940",
    "population": "53"
  },
  "Alexander, North Dakota": {
    "state": "38",
    "place": "01180",
    "population": "319"
  },
  "Alice, North Dakota": {
    "state": "38",
    "place": "01420",
    "population": "41"
  },
  "Almont, North Dakota": {
    "state": "38",
    "place": "01700",
    "population": "100"
  },
  "Alsen, North Dakota": {
    "state": "38",
    "place": "01740",
    "population": "32"
  },
  "Ambrose, North Dakota": {
    "state": "38",
    "place": "01860",
    "population": "24"
  },
  "Amenia, North Dakota": {
    "state": "38",
    "place": "01940",
    "population": "85"
  },
  "Amidon, North Dakota": {
    "state": "38",
    "place": "02060",
    "population": "24"
  },
  "Anamoose, North Dakota": {
    "state": "38",
    "place": "02220",
    "population": "230"
  },
  "Aneta, North Dakota": {
    "state": "38",
    "place": "02380",
    "population": "234"
  },
  "Antler, North Dakota": {
    "state": "38",
    "place": "02660",
    "population": "22"
  },
  "Ardoch, North Dakota": {
    "state": "38",
    "place": "02860",
    "population": "31"
  },
  "Argusville, North Dakota": {
    "state": "38",
    "place": "03020",
    "population": "480"
  },
  "Arnegard, North Dakota": {
    "state": "38",
    "place": "03220",
    "population": "282"
  },
  "Arthur, North Dakota": {
    "state": "38",
    "place": "03300",
    "population": "328"
  },
  "Ashley, North Dakota": {
    "state": "38",
    "place": "03540",
    "population": "613"
  },
  "Ayr, North Dakota": {
    "state": "38",
    "place": "04020",
    "population": "11"
  },
  "Balfour, North Dakota": {
    "state": "38",
    "place": "04460",
    "population": "20"
  },
  "Balta, North Dakota": {
    "state": "38",
    "place": "04580",
    "population": "66"
  },
  "Bantry, North Dakota": {
    "state": "38",
    "place": "04740",
    "population": "6"
  },
  "Barney, North Dakota": {
    "state": "38",
    "place": "04940",
    "population": "40"
  },
  "Bathgate, North Dakota": {
    "state": "38",
    "place": "05260",
    "population": "47"
  },
  "Beach, North Dakota": {
    "state": "38",
    "place": "05420",
    "population": "981"
  },
  "Belfield, North Dakota": {
    "state": "38",
    "place": "05820",
    "population": "996"
  },
  "Benedict, North Dakota": {
    "state": "38",
    "place": "05980",
    "population": "68"
  },
  "Bergen, North Dakota": {
    "state": "38",
    "place": "06180",
    "population": "10"
  },
  "Berlin, North Dakota": {
    "state": "38",
    "place": "06300",
    "population": "31"
  },
  "Berthold, North Dakota": {
    "state": "38",
    "place": "06460",
    "population": "490"
  },
  "Beulah, North Dakota": {
    "state": "38",
    "place": "06660",
    "population": "3058"
  },
  "Binford, North Dakota": {
    "state": "38",
    "place": "07020",
    "population": "170"
  },
  "Bisbee, North Dakota": {
    "state": "38",
    "place": "07180",
    "population": "110"
  },
  "Bismarck, North Dakota": {
    "state": "38",
    "place": "07200",
    "population": "73622"
  },
  "Bottineau, North Dakota": {
    "state": "38",
    "place": "08460",
    "population": "2194"
  },
  "Bowbells, North Dakota": {
    "state": "38",
    "place": "08500",
    "population": "301"
  },
  "Bowdon, North Dakota": {
    "state": "38",
    "place": "08580",
    "population": "137"
  },
  "Bowman, North Dakota": {
    "state": "38",
    "place": "08700",
    "population": "1470"
  },
  "Braddock, North Dakota": {
    "state": "38",
    "place": "08900",
    "population": "18"
  },
  "Briarwood, North Dakota": {
    "state": "38",
    "place": "09320",
    "population": "57"
  },
  "Brinsmade, North Dakota": {
    "state": "38",
    "place": "09460",
    "population": "30"
  },
  "Brocket, North Dakota": {
    "state": "38",
    "place": "09700",
    "population": "34"
  },
  "Buchanan, North Dakota": {
    "state": "38",
    "place": "10060",
    "population": "87"
  },
  "Bucyrus, North Dakota": {
    "state": "38",
    "place": "10300",
    "population": "18"
  },
  "Buffalo, North Dakota": {
    "state": "38",
    "place": "10420",
    "population": "195"
  },
  "Butte, North Dakota": {
    "state": "38",
    "place": "11180",
    "population": "70"
  },
  "Buxton, North Dakota": {
    "state": "38",
    "place": "11340",
    "population": "348"
  },
  "Calio, North Dakota": {
    "state": "38",
    "place": "11580",
    "population": "8"
  },
  "Calvin, North Dakota": {
    "state": "38",
    "place": "11700",
    "population": "15"
  },
  "Cando, North Dakota": {
    "state": "38",
    "place": "11860",
    "population": "1117"
  },
  "Canton City (Hensel), North Dakota": {
    "state": "38",
    "place": "12060",
    "population": "31"
  },
  "Carpio, North Dakota": {
    "state": "38",
    "place": "12260",
    "population": "144"
  },
  "Carrington, North Dakota": {
    "state": "38",
    "place": "12340",
    "population": "2080"
  },
  "Carson, North Dakota": {
    "state": "38",
    "place": "12460",
    "population": "254"
  },
  "Casselton, North Dakota": {
    "state": "38",
    "place": "12700",
    "population": "2479"
  },
  "Cathay, North Dakota": {
    "state": "38",
    "place": "12820",
    "population": "20"
  },
  "Cavalier, North Dakota": {
    "state": "38",
    "place": "12940",
    "population": "1246"
  },
  "Cayuga, North Dakota": {
    "state": "38",
    "place": "13020",
    "population": "40"
  },
  "Center, North Dakota": {
    "state": "38",
    "place": "13180",
    "population": "588"
  },
  "Christine, North Dakota": {
    "state": "38",
    "place": "14100",
    "population": "151"
  },
  "Churchs Ferry, North Dakota": {
    "state": "38",
    "place": "14140",
    "population": "9"
  },
  "Cleveland, North Dakota": {
    "state": "38",
    "place": "14660",
    "population": "57"
  },
  "Clifford, North Dakota": {
    "state": "38",
    "place": "14740",
    "population": "30"
  },
  "Cogswell, North Dakota": {
    "state": "38",
    "place": "15100",
    "population": "73"
  },
  "Coleharbor, North Dakota": {
    "state": "38",
    "place": "15140",
    "population": "59"
  },
  "Colfax, North Dakota": {
    "state": "38",
    "place": "15180",
    "population": "172"
  },
  "Columbus, North Dakota": {
    "state": "38",
    "place": "15460",
    "population": "139"
  },
  "Conway, North Dakota": {
    "state": "38",
    "place": "15820",
    "population": "15"
  },
  "Cooperstown, North Dakota": {
    "state": "38",
    "place": "15900",
    "population": "983"
  },
  "Courtenay, North Dakota": {
    "state": "38",
    "place": "16380",
    "population": "36"
  },
  "Crary, North Dakota": {
    "state": "38",
    "place": "16580",
    "population": "113"
  },
  "Crosby, North Dakota": {
    "state": "38",
    "place": "16940",
    "population": "1065"
  },
  "Crystal, North Dakota": {
    "state": "38",
    "place": "17060",
    "population": "116"
  },
  "Davenport, North Dakota": {
    "state": "38",
    "place": "18180",
    "population": "256"
  },
  "Dawson, North Dakota": {
    "state": "38",
    "place": "18260",
    "population": "74"
  },
  "Dazey, North Dakota": {
    "state": "38",
    "place": "18340",
    "population": "78"
  },
  "Deering, North Dakota": {
    "state": "38",
    "place": "18620",
    "population": "94"
  },
  "Des Lacs, North Dakota": {
    "state": "38",
    "place": "19300",
    "population": "185"
  },
  "Devils Lake, North Dakota": {
    "state": "38",
    "place": "19420",
    "population": "7192"
  },
  "Dickey, North Dakota": {
    "state": "38",
    "place": "19580",
    "population": "42"
  },
  "Dickinson, North Dakota": {
    "state": "38",
    "place": "19620",
    "population": "25679"
  },
  "Burlington, North Dakota": {
    "state": "38",
    "place": "10940",
    "population": "1291"
  },
  "Dodge, North Dakota": {
    "state": "38",
    "place": "19820",
    "population": "89"
  },
  "Donnybrook, North Dakota": {
    "state": "38",
    "place": "19900",
    "population": "75"
  },
  "Douglas, North Dakota": {
    "state": "38",
    "place": "20020",
    "population": "93"
  },
  "Drake, North Dakota": {
    "state": "38",
    "place": "20300",
    "population": "292"
  },
  "Drayton, North Dakota": {
    "state": "38",
    "place": "20340",
    "population": "757"
  },
  "Dunn Center, North Dakota": {
    "state": "38",
    "place": "20940",
    "population": "227"
  },
  "Dunseith, North Dakota": {
    "state": "38",
    "place": "21020",
    "population": "632"
  },
  "Dwight, North Dakota": {
    "state": "38",
    "place": "21220",
    "population": "80"
  },
  "Edgeley, North Dakota": {
    "state": "38",
    "place": "22140",
    "population": "585"
  },
  "Edinburg, North Dakota": {
    "state": "38",
    "place": "22260",
    "population": "199"
  },
  "Edmore, North Dakota": {
    "state": "38",
    "place": "22340",
    "population": "139"
  },
  "Elgin, North Dakota": {
    "state": "38",
    "place": "23020",
    "population": "543"
  },
  "Ellendale, North Dakota": {
    "state": "38",
    "place": "23220",
    "population": "1125"
  },
  "Elliott, North Dakota": {
    "state": "38",
    "place": "23340",
    "population": "24"
  },
  "Emerado, North Dakota": {
    "state": "38",
    "place": "24060",
    "population": "443"
  },
  "Enderlin, North Dakota": {
    "state": "38",
    "place": "24260",
    "population": "881"
  },
  "Epping, North Dakota": {
    "state": "38",
    "place": "24540",
    "population": "84"
  },
  "Esmond, North Dakota": {
    "state": "38",
    "place": "24780",
    "population": "91"
  },
  "Fairdale, North Dakota": {
    "state": "38",
    "place": "25180",
    "population": "30"
  },
  "Fairmount, North Dakota": {
    "state": "38",
    "place": "25300",
    "population": "343"
  },
  "Fargo, North Dakota": {
    "state": "38",
    "place": "25700",
    "population": "125990"
  },
  "Fessenden, North Dakota": {
    "state": "38",
    "place": "26180",
    "population": "462"
  },
  "Fingal, North Dakota": {
    "state": "38",
    "place": "26380",
    "population": "92"
  },
  "Finley, North Dakota": {
    "state": "38",
    "place": "26420",
    "population": "401"
  },
  "Flasher, North Dakota": {
    "state": "38",
    "place": "26660",
    "population": "217"
  },
  "Flaxton, North Dakota": {
    "state": "38",
    "place": "26700",
    "population": "60"
  },
  "Forbes, North Dakota": {
    "state": "38",
    "place": "26980",
    "population": "36"
  },
  "Fordville, North Dakota": {
    "state": "38",
    "place": "27060",
    "population": "207"
  },
  "Forest River, North Dakota": {
    "state": "38",
    "place": "27100",
    "population": "109"
  },
  "Forman, North Dakota": {
    "state": "38",
    "place": "27260",
    "population": "509"
  },
  "Fort Ransom, North Dakota": {
    "state": "38",
    "place": "27580",
    "population": "91"
  },
  "Fortuna, North Dakota": {
    "state": "38",
    "place": "27820",
    "population": "30"
  },
  "Fort Yates, North Dakota": {
    "state": "38",
    "place": "27860",
    "population": "176"
  },
  "Fredonia, North Dakota": {
    "state": "38",
    "place": "28380",
    "population": "38"
  },
  "Frontier, North Dakota": {
    "state": "38",
    "place": "28720",
    "population": "195"
  },
  "Fullerton, North Dakota": {
    "state": "38",
    "place": "28780",
    "population": "62"
  },
  "Gackle, North Dakota": {
    "state": "38",
    "place": "28860",
    "population": "281"
  },
  "Galesburg, North Dakota": {
    "state": "38",
    "place": "28980",
    "population": "118"
  },
  "Gardena, North Dakota": {
    "state": "38",
    "place": "29180",
    "population": "24"
  },
  "Gardner, North Dakota": {
    "state": "38",
    "place": "29220",
    "population": "129"
  },
  "Garrison, North Dakota": {
    "state": "38",
    "place": "29460",
    "population": "1462"
  },
  "Gascoyne, North Dakota": {
    "state": "38",
    "place": "29540",
    "population": "21"
  },
  "Gilby, North Dakota": {
    "state": "38",
    "place": "30180",
    "population": "243"
  },
  "Gladstone, North Dakota": {
    "state": "38",
    "place": "30460",
    "population": "271"
  },
  "Glenburn, North Dakota": {
    "state": "38",
    "place": "30580",
    "population": "404"
  },
  "Egeland, North Dakota": {
    "state": "38",
    "place": "22540",
    "population": "32"
  },
  "Glenfield, North Dakota": {
    "state": "38",
    "place": "30660",
    "population": "94"
  },
  "Glen Ullin, North Dakota": {
    "state": "38",
    "place": "30860",
    "population": "732"
  },
  "Golden Valley, North Dakota": {
    "state": "38",
    "place": "31180",
    "population": "191"
  },
  "Golva, North Dakota": {
    "state": "38",
    "place": "31420",
    "population": "84"
  },
  "Goodrich, North Dakota": {
    "state": "38",
    "place": "31500",
    "population": "106"
  },
  "Grace City, North Dakota": {
    "state": "38",
    "place": "31740",
    "population": "53"
  },
  "Grafton, North Dakota": {
    "state": "38",
    "place": "31820",
    "population": "4170"
  },
  "Grand Forks, North Dakota": {
    "state": "38",
    "place": "32060",
    "population": "59166"
  },
  "Grandin, North Dakota": {
    "state": "38",
    "place": "32300",
    "population": "186"
  },
  "Grano, North Dakota": {
    "state": "38",
    "place": "32580",
    "population": "9"
  },
  "Granville, North Dakota": {
    "state": "38",
    "place": "32660",
    "population": "240"
  },
  "Great Bend, North Dakota": {
    "state": "38",
    "place": "32900",
    "population": "49"
  },
  "Grenora, North Dakota": {
    "state": "38",
    "place": "33500",
    "population": "221"
  },
  "Hague, North Dakota": {
    "state": "38",
    "place": "34180",
    "population": "70"
  },
  "Halliday, North Dakota": {
    "state": "38",
    "place": "34340",
    "population": "241"
  },
  "Hamberg, North Dakota": {
    "state": "38",
    "place": "34460",
    "population": "11"
  },
  "Hamilton, North Dakota": {
    "state": "38",
    "place": "34620",
    "population": "46"
  },
  "Hampden, North Dakota": {
    "state": "38",
    "place": "34860",
    "population": "29"
  },
  "Hankinson, North Dakota": {
    "state": "38",
    "place": "34900",
    "population": "921"
  },
  "Hannaford, North Dakota": {
    "state": "38",
    "place": "35020",
    "population": "126"
  },
  "Hannah, North Dakota": {
    "state": "38",
    "place": "35060",
    "population": "8"
  },
  "Hansboro, North Dakota": {
    "state": "38",
    "place": "35140",
    "population": "15"
  },
  "Harvey, North Dakota": {
    "state": "38",
    "place": "35900",
    "population": "1650"
  },
  "Harwood, North Dakota": {
    "state": "38",
    "place": "35940",
    "population": "794"
  },
  "Hatton, North Dakota": {
    "state": "38",
    "place": "36100",
    "population": "712"
  },
  "Havana, North Dakota": {
    "state": "38",
    "place": "36140",
    "population": "67"
  },
  "Haynes, North Dakota": {
    "state": "38",
    "place": "36540",
    "population": "15"
  },
  "Hazelton, North Dakota": {
    "state": "38",
    "place": "36700",
    "population": "223"
  },
  "Hazen, North Dakota": {
    "state": "38",
    "place": "36780",
    "population": "2281"
  },
  "Hebron, North Dakota": {
    "state": "38",
    "place": "36860",
    "population": "794"
  },
  "Hettinger, North Dakota": {
    "state": "38",
    "place": "37700",
    "population": "1074"
  },
  "Hillsboro, North Dakota": {
    "state": "38",
    "place": "38100",
    "population": "1649"
  },
  "Hoople, North Dakota": {
    "state": "38",
    "place": "38780",
    "population": "247"
  },
  "Hope, North Dakota": {
    "state": "38",
    "place": "38860",
    "population": "272"
  },
  "Horace, North Dakota": {
    "state": "38",
    "place": "38900",
    "population": "3085"
  },
  "Hunter, North Dakota": {
    "state": "38",
    "place": "39460",
    "population": "332"
  },
  "Hurdsfield, North Dakota": {
    "state": "38",
    "place": "39580",
    "population": "64"
  },
  "Inkster, North Dakota": {
    "state": "38",
    "place": "39980",
    "population": "38"
  },
  "Jamestown, North Dakota": {
    "state": "38",
    "place": "40580",
    "population": "15849"
  },
  "Jud, North Dakota": {
    "state": "38",
    "place": "41180",
    "population": "65"
  },
  "Karlsruhe, North Dakota": {
    "state": "38",
    "place": "41380",
    "population": "87"
  },
  "Kathryn, North Dakota": {
    "state": "38",
    "place": "41500",
    "population": "66"
  },
  "Kenmare, North Dakota": {
    "state": "38",
    "place": "42020",
    "population": "961"
  },
  "Kensal, North Dakota": {
    "state": "38",
    "place": "42180",
    "population": "146"
  },
  "Kief, North Dakota": {
    "state": "38",
    "place": "42660",
    "population": "8"
  },
  "Killdeer, North Dakota": {
    "state": "38",
    "place": "42700",
    "population": "939"
  },
  "Kindred, North Dakota": {
    "state": "38",
    "place": "42780",
    "population": "889"
  },
  "Knox, North Dakota": {
    "state": "38",
    "place": "43260",
    "population": "22"
  },
  "Kramer, North Dakota": {
    "state": "38",
    "place": "43500",
    "population": "24"
  },
  "Gwinner, North Dakota": {
    "state": "38",
    "place": "34020",
    "population": "924"
  },
  "Kulm, North Dakota": {
    "state": "38",
    "place": "43580",
    "population": "368"
  },
  "Lakota, North Dakota": {
    "state": "38",
    "place": "44300",
    "population": "683"
  },
  "LaMoure, North Dakota": {
    "state": "38",
    "place": "44540",
    "population": "764"
  },
  "Landa, North Dakota": {
    "state": "38",
    "place": "44700",
    "population": "41"
  },
  "Langdon, North Dakota": {
    "state": "38",
    "place": "44780",
    "population": "1909"
  },
  "Lankin, North Dakota": {
    "state": "38",
    "place": "44860",
    "population": "102"
  },
  "Lansford, North Dakota": {
    "state": "38",
    "place": "44900",
    "population": "238"
  },
  "Larimore, North Dakota": {
    "state": "38",
    "place": "45020",
    "population": "1260"
  },
  "Lawton, North Dakota": {
    "state": "38",
    "place": "45300",
    "population": "15"
  },
  "Leal, North Dakota": {
    "state": "38",
    "place": "45460",
    "population": "27"
  },
  "Leeds, North Dakota": {
    "state": "38",
    "place": "45580",
    "population": "442"
  },
  "Lehr, North Dakota": {
    "state": "38",
    "place": "45740",
    "population": "81"
  },
  "Leith, North Dakota": {
    "state": "38",
    "place": "45860",
    "population": "28"
  },
  "Leonard, North Dakota": {
    "state": "38",
    "place": "45980",
    "population": "248"
  },
  "Lidgerwood, North Dakota": {
    "state": "38",
    "place": "46460",
    "population": "600"
  },
  "Lignite, North Dakota": {
    "state": "38",
    "place": "46540",
    "population": "141"
  },
  "Lincoln, North Dakota": {
    "state": "38",
    "place": "46640",
    "population": "4257"
  },
  "Linton, North Dakota": {
    "state": "38",
    "place": "46980",
    "population": "1071"
  },
  "Lisbon, North Dakota": {
    "state": "38",
    "place": "47100",
    "population": "2204"
  },
  "Litchville, North Dakota": {
    "state": "38",
    "place": "47140",
    "population": "169"
  },
  "Loma, North Dakota": {
    "state": "38",
    "place": "47660",
    "population": "10"
  },
  "Loraine, North Dakota": {
    "state": "38",
    "place": "48020",
    "population": "9"
  },
  "Ludden, North Dakota": {
    "state": "38",
    "place": "48460",
    "population": "15"
  },
  "Luverne, North Dakota": {
    "state": "38",
    "place": "48580",
    "population": "28"
  },
  "McClusky, North Dakota": {
    "state": "38",
    "place": "49020",
    "population": "322"
  },
  "McHenry, North Dakota": {
    "state": "38",
    "place": "49260",
    "population": "64"
  },
  "McVille, North Dakota": {
    "state": "38",
    "place": "49580",
    "population": "392"
  },
  "Maddock, North Dakota": {
    "state": "38",
    "place": "49620",
    "population": "402"
  },
  "Makoti, North Dakota": {
    "state": "38",
    "place": "49820",
    "population": "148"
  },
  "Mandan, North Dakota": {
    "state": "38",
    "place": "49900",
    "population": "24206"
  },
  "Mantador, North Dakota": {
    "state": "38",
    "place": "50380",
    "population": "67"
  },
  "Manvel, North Dakota": {
    "state": "38",
    "place": "50420",
    "population": "377"
  },
  "Mapleton, North Dakota": {
    "state": "38",
    "place": "50580",
    "population": "1320"
  },
  "Marion, North Dakota": {
    "state": "38",
    "place": "50780",
    "population": "125"
  },
  "Marmarth, North Dakota": {
    "state": "38",
    "place": "50860",
    "population": "101"
  },
  "Martin, North Dakota": {
    "state": "38",
    "place": "51060",
    "population": "63"
  },
  "Max, North Dakota": {
    "state": "38",
    "place": "51380",
    "population": "331"
  },
  "Maxbass, North Dakota": {
    "state": "38",
    "place": "51420",
    "population": "89"
  },
  "Mayville, North Dakota": {
    "state": "38",
    "place": "51500",
    "population": "1854"
  },
  "Medina, North Dakota": {
    "state": "38",
    "place": "51860",
    "population": "264"
  },
  "Medora, North Dakota": {
    "state": "38",
    "place": "51900",
    "population": "121"
  },
  "Mercer, North Dakota": {
    "state": "38",
    "place": "52340",
    "population": "88"
  },
  "Michigan City, North Dakota": {
    "state": "38",
    "place": "52740",
    "population": "263"
  },
  "Milnor, North Dakota": {
    "state": "38",
    "place": "52940",
    "population": "624"
  },
  "Milton, North Dakota": {
    "state": "38",
    "place": "53020",
    "population": "39"
  },
  "Minnewaukan, North Dakota": {
    "state": "38",
    "place": "53220",
    "population": "199"
  },
  "Minot, North Dakota": {
    "state": "38",
    "place": "53380",
    "population": "48377"
  },
  "Minto, North Dakota": {
    "state": "38",
    "place": "53540",
    "population": "616"
  },
  "Mohall, North Dakota": {
    "state": "38",
    "place": "53780",
    "population": "694"
  },
  "Monango, North Dakota": {
    "state": "38",
    "place": "53820",
    "population": "30"
  },
  "Montpelier, North Dakota": {
    "state": "38",
    "place": "53980",
    "population": "85"
  },
  "Mooreton, North Dakota": {
    "state": "38",
    "place": "54220",
    "population": "177"
  },
  "Mott, North Dakota": {
    "state": "38",
    "place": "54620",
    "population": "653"
  },
  "Mountain, North Dakota": {
    "state": "38",
    "place": "54740",
    "population": "80"
  },
  "Munich, North Dakota": {
    "state": "38",
    "place": "55020",
    "population": "190"
  },
  "Mylo, North Dakota": {
    "state": "38",
    "place": "55220",
    "population": "21"
  },
  "Napoleon, North Dakota": {
    "state": "38",
    "place": "55420",
    "population": "749"
  },
  "Neche, North Dakota": {
    "state": "38",
    "place": "55620",
    "population": "344"
  },
  "Nekoma, North Dakota": {
    "state": "38",
    "place": "55740",
    "population": "31"
  },
  "Newburg, North Dakota": {
    "state": "38",
    "place": "56020",
    "population": "96"
  },
  "New England, North Dakota": {
    "state": "38",
    "place": "56180",
    "population": "683"
  },
  "New Leipzig, North Dakota": {
    "state": "38",
    "place": "56420",
    "population": "218"
  },
  "New Rockford, North Dakota": {
    "state": "38",
    "place": "56620",
    "population": "1361"
  },
  "New Salem, North Dakota": {
    "state": "38",
    "place": "56700",
    "population": "973"
  },
  "New Town, North Dakota": {
    "state": "38",
    "place": "56740",
    "population": "2764"
  },
  "Niagara, North Dakota": {
    "state": "38",
    "place": "56780",
    "population": "46"
  },
  "Nome, North Dakota": {
    "state": "38",
    "place": "57180",
    "population": "51"
  },
  "Noonan, North Dakota": {
    "state": "38",
    "place": "57220",
    "population": "137"
  },
  "North River, North Dakota": {
    "state": "38",
    "place": "58120",
    "population": "55"
  },
  "Northwood, North Dakota": {
    "state": "38",
    "place": "58300",
    "population": "982"
  },
  "Oakes, North Dakota": {
    "state": "38",
    "place": "58740",
    "population": "1798"
  },
  "Oberon, North Dakota": {
    "state": "38",
    "place": "59020",
    "population": "101"
  },
  "Oriska, North Dakota": {
    "state": "38",
    "place": "59660",
    "population": "114"
  },
  "Osnabrock, North Dakota": {
    "state": "38",
    "place": "60100",
    "population": "105"
  },
  "Overly, North Dakota": {
    "state": "38",
    "place": "60380",
    "population": "10"
  },
  "Oxbow, North Dakota": {
    "state": "38",
    "place": "60480",
    "population": "381"
  },
  "Page, North Dakota": {
    "state": "38",
    "place": "60500",
    "population": "190"
  },
  "Palermo, North Dakota": {
    "state": "38",
    "place": "60620",
    "population": "125"
  },
  "Park River, North Dakota": {
    "state": "38",
    "place": "60900",
    "population": "1424"
  },
  "Parshall, North Dakota": {
    "state": "38",
    "place": "60940",
    "population": "949"
  },
  "Pekin, North Dakota": {
    "state": "38",
    "place": "61460",
    "population": "75"
  },
  "Pembina, North Dakota": {
    "state": "38",
    "place": "61580",
    "population": "512"
  },
  "Perth, North Dakota": {
    "state": "38",
    "place": "61780",
    "population": "6"
  },
  "Petersburg, North Dakota": {
    "state": "38",
    "place": "61860",
    "population": "162"
  },
  "Pettibone, North Dakota": {
    "state": "38",
    "place": "62060",
    "population": "60"
  },
  "Pick City, North Dakota": {
    "state": "38",
    "place": "62260",
    "population": "123"
  },
  "Pillsbury, North Dakota": {
    "state": "38",
    "place": "62540",
    "population": "12"
  },
  "Pingree, North Dakota": {
    "state": "38",
    "place": "62620",
    "population": "41"
  },
  "Pisek, North Dakota": {
    "state": "38",
    "place": "62780",
    "population": "89"
  },
  "Plaza, North Dakota": {
    "state": "38",
    "place": "62980",
    "population": "211"
  },
  "Portal, North Dakota": {
    "state": "38",
    "place": "63740",
    "population": "125"
  },
  "Portland, North Dakota": {
    "state": "38",
    "place": "63900",
    "population": "578"
  },
  "Powers Lake, North Dakota": {
    "state": "38",
    "place": "64140",
    "population": "385"
  },
  "Prairie Rose, North Dakota": {
    "state": "38",
    "place": "64320",
    "population": "56"
  },
  "Ray, North Dakota": {
    "state": "38",
    "place": "65580",
    "population": "740"
  },
  "Reeder, North Dakota": {
    "state": "38",
    "place": "65900",
    "population": "125"
  },
  "Regan, North Dakota": {
    "state": "38",
    "place": "65980",
    "population": "35"
  },
  "Regent, North Dakota": {
    "state": "38",
    "place": "66020",
    "population": "170"
  },
  "Reile's Acres, North Dakota": {
    "state": "38",
    "place": "66040",
    "population": "703"
  },
  "Reynolds, North Dakota": {
    "state": "38",
    "place": "66260",
    "population": "277"
  },
  "Rhame, North Dakota": {
    "state": "38",
    "place": "66300",
    "population": "158"
  },
  "Richardton, North Dakota": {
    "state": "38",
    "place": "66500",
    "population": "692"
  },
  "Riverdale, North Dakota": {
    "state": "38",
    "place": "66980",
    "population": "223"
  },
  "Robinson, North Dakota": {
    "state": "38",
    "place": "67180",
    "population": "36"
  },
  "Rocklake, North Dakota": {
    "state": "38",
    "place": "67500",
    "population": "94"
  },
  "Rogers, North Dakota": {
    "state": "38",
    "place": "67620",
    "population": "49"
  },
  "Rolette, North Dakota": {
    "state": "38",
    "place": "67780",
    "population": "484"
  },
  "Rolla, North Dakota": {
    "state": "38",
    "place": "67820",
    "population": "1223"
  },
  "Ross, North Dakota": {
    "state": "38",
    "place": "68540",
    "population": "95"
  },
  "Rugby, North Dakota": {
    "state": "38",
    "place": "68860",
    "population": "2509"
  },
  "Ruso, North Dakota": {
    "state": "38",
    "place": "69140",
    "population": "1"
  },
  "Rutland, North Dakota": {
    "state": "38",
    "place": "69340",
    "population": "163"
  },
  "Ryder, North Dakota": {
    "state": "38",
    "place": "69460",
    "population": "108"
  },
  "St. John, North Dakota": {
    "state": "38",
    "place": "69980",
    "population": "322"
  },
  "St. Thomas, North Dakota": {
    "state": "38",
    "place": "70260",
    "population": "323"
  },
  "Sanborn, North Dakota": {
    "state": "38",
    "place": "70380",
    "population": "161"
  },
  "Sarles, North Dakota": {
    "state": "38",
    "place": "70780",
    "population": "16"
  },
  "Sawyer, North Dakota": {
    "state": "38",
    "place": "70980",
    "population": "319"
  },
  "Scranton, North Dakota": {
    "state": "38",
    "place": "71500",
    "population": "258"
  },
  "Selfridge, North Dakota": {
    "state": "38",
    "place": "71660",
    "population": "127"
  },
  "Sentinel Butte, North Dakota": {
    "state": "38",
    "place": "71780",
    "population": "61"
  },
  "Sharon, North Dakota": {
    "state": "38",
    "place": "71940",
    "population": "86"
  },
  "Sheldon, North Dakota": {
    "state": "38",
    "place": "72180",
    "population": "95"
  },
  "Sherwood, North Dakota": {
    "state": "38",
    "place": "72540",
    "population": "194"
  },
  "Sheyenne, North Dakota": {
    "state": "38",
    "place": "72580",
    "population": "186"
  },
  "Sibley, North Dakota": {
    "state": "38",
    "place": "72820",
    "population": "19"
  },
  "Solen, North Dakota": {
    "state": "38",
    "place": "73820",
    "population": "70"
  },
  "Souris, North Dakota": {
    "state": "38",
    "place": "74020",
    "population": "37"
  },
  "South Heart, North Dakota": {
    "state": "38",
    "place": "74185",
    "population": "394"
  },
  "Spiritwood Lake, North Dakota": {
    "state": "38",
    "place": "74740",
    "population": "97"
  },
  "Springbrook, North Dakota": {
    "state": "38",
    "place": "74780",
    "population": "37"
  },
  "Stanley, North Dakota": {
    "state": "38",
    "place": "75380",
    "population": "2321"
  },
  "Stanton, North Dakota": {
    "state": "38",
    "place": "75420",
    "population": "368"
  },
  "Starkweather, North Dakota": {
    "state": "38",
    "place": "75580",
    "population": "100"
  },
  "Steele, North Dakota": {
    "state": "38",
    "place": "75780",
    "population": "665"
  },
  "Strasburg, North Dakota": {
    "state": "38",
    "place": "76500",
    "population": "379"
  },
  "Streeter, North Dakota": {
    "state": "38",
    "place": "76620",
    "population": "149"
  },
  "Surrey, North Dakota": {
    "state": "38",
    "place": "77180",
    "population": "1357"
  },
  "Sykeston, North Dakota": {
    "state": "38",
    "place": "77660",
    "population": "105"
  },
  "Tappen, North Dakota": {
    "state": "38",
    "place": "77980",
    "population": "217"
  },
  "Taylor, North Dakota": {
    "state": "38",
    "place": "78180",
    "population": "230"
  },
  "Thompson, North Dakota": {
    "state": "38",
    "place": "78660",
    "population": "1101"
  },
  "Tioga, North Dakota": {
    "state": "38",
    "place": "78940",
    "population": "2202"
  },
  "Tolley, North Dakota": {
    "state": "38",
    "place": "79140",
    "population": "41"
  },
  "Tolna, North Dakota": {
    "state": "38",
    "place": "79180",
    "population": "136"
  },
  "Tower City, North Dakota": {
    "state": "38",
    "place": "79340",
    "population": "268"
  },
  "Towner, North Dakota": {
    "state": "38",
    "place": "79420",
    "population": "479"
  },
  "Turtle Lake, North Dakota": {
    "state": "38",
    "place": "79940",
    "population": "542"
  },
  "Tuttle, North Dakota": {
    "state": "38",
    "place": "80140",
    "population": "60"
  },
  "Underwood, North Dakota": {
    "state": "38",
    "place": "80660",
    "population": "784"
  },
  "Upham, North Dakota": {
    "state": "38",
    "place": "80860",
    "population": "135"
  },
  "Valley City, North Dakota": {
    "state": "38",
    "place": "81180",
    "population": "6575"
  },
  "Velva, North Dakota": {
    "state": "38",
    "place": "81620",
    "population": "1086"
  },
  "Venturia, North Dakota": {
    "state": "38",
    "place": "81700",
    "population": "21"
  },
  "Verona, North Dakota": {
    "state": "38",
    "place": "81900",
    "population": "59"
  },
  "Voltaire, North Dakota": {
    "state": "38",
    "place": "82380",
    "population": "46"
  },
  "Wahpeton, North Dakota": {
    "state": "38",
    "place": "82660",
    "population": "8007"
  },
  "Walcott, North Dakota": {
    "state": "38",
    "place": "82780",
    "population": "262"
  },
  "Wales, North Dakota": {
    "state": "38",
    "place": "82940",
    "population": "10"
  },
  "Walhalla, North Dakota": {
    "state": "38",
    "place": "82980",
    "population": "893"
  },
  "Warwick, North Dakota": {
    "state": "38",
    "place": "83580",
    "population": "55"
  },
  "Washburn, North Dakota": {
    "state": "38",
    "place": "83700",
    "population": "1300"
  },
  "Watford City, North Dakota": {
    "state": "38",
    "place": "83860",
    "population": "6207"
  },
  "West Fargo, North Dakota": {
    "state": "38",
    "place": "84780",
    "population": "38626"
  },
  "Westhope, North Dakota": {
    "state": "38",
    "place": "85020",
    "population": "374"
  },
  "White Earth, North Dakota": {
    "state": "38",
    "place": "85540",
    "population": "100"
  },
  "Wildrose, North Dakota": {
    "state": "38",
    "place": "86020",
    "population": "115"
  },
  "Williston, North Dakota": {
    "state": "38",
    "place": "86220",
    "population": "29160"
  },
  "Willow City, North Dakota": {
    "state": "38",
    "place": "86380",
    "population": "149"
  },
  "Wilton, North Dakota": {
    "state": "38",
    "place": "86580",
    "population": "718"
  },
  "Wimbledon, North Dakota": {
    "state": "38",
    "place": "86620",
    "population": "178"
  },
  "Wing, North Dakota": {
    "state": "38",
    "place": "86780",
    "population": "132"
  },
  "Wishek, North Dakota": {
    "state": "38",
    "place": "87020",
    "population": "864"
  },
  "Wolford, North Dakota": {
    "state": "38",
    "place": "87180",
    "population": "43"
  },
  "Woodworth, North Dakota": {
    "state": "38",
    "place": "87580",
    "population": "44"
  },
  "Wyndmere, North Dakota": {
    "state": "38",
    "place": "87740",
    "population": "454"
  },
  "York, North Dakota": {
    "state": "38",
    "place": "87860",
    "population": "17"
  },
  "Zap, North Dakota": {
    "state": "38",
    "place": "88140",
    "population": "221"
  },
  "Zeeland, North Dakota": {
    "state": "38",
    "place": "88180",
    "population": "82"
  }
}
