{
  "Camp Verde, Arizona": {
    "state": "04",
    "place": "09690",
    "population": "12147"
  },
  "Carefree, Arizona": {
    "state": "04",
    "place": "10180",
    "population": "3690"
  },
  "Cave Creek, Arizona": {
    "state": "04",
    "place": "11300",
    "population": "4892"
  },
  "Chino Valley, Arizona": {
    "state": "04",
    "place": "12840",
    "population": "13020"
  },
  "Clarkdale, Arizona": {
    "state": "04",
    "place": "13890",
    "population": "4424"
  },
  "Clifton, Arizona": {
    "state": "04",
    "place": "14380",
    "population": "3933"
  },
  "Colorado City, Arizona": {
    "state": "04",
    "place": "14870",
    "population": "2478"
  },
  "Dewey-Humboldt, Arizona": {
    "state": "04",
    "place": "19145",
    "population": "4326"
  },
  "Duncan, Arizona": {
    "state": "04",
    "place": "20750",
    "population": "694"
  },
  "Eagar, Arizona": {
    "state": "04",
    "place": "20960",
    "population": "4395"
  },
  "Florence, Arizona": {
    "state": "04",
    "place": "23760",
    "population": "26785"
  },
  "Fountain Hills, Arizona": {
    "state": "04",
    "place": "25300",
    "population": "23820"
  },
  "Fredonia, Arizona": {
    "state": "04",
    "place": "25720",
    "population": "1323"
  },
  "Gila Bend, Arizona": {
    "state": "04",
    "place": "27050",
    "population": "1892"
  },
  "Gilbert, Arizona": {
    "state": "04",
    "place": "27400",
    "population": "267918"
  },
  "Guadalupe, Arizona": {
    "state": "04",
    "place": "30270",
    "population": "5322"
  },
  "Hayden, Arizona": {
    "state": "04",
    "place": "32020",
    "population": "512"
  },
  "Huachuca City, Arizona": {
    "state": "04",
    "place": "34120",
    "population": "1626"
  },
  "Jerome, Arizona": {
    "state": "04",
    "place": "36290",
    "population": "464"
  },
  "Kearny, Arizona": {
    "state": "04",
    "place": "37200",
    "population": "1741"
  },
  "Mammoth, Arizona": {
    "state": "04",
    "place": "43990",
    "population": "1076"
  },
  "Marana, Arizona": {
    "state": "04",
    "place": "44270",
    "population": "51908"
  },
  "Miami, Arizona": {
    "state": "04",
    "place": "46350",
    "population": "1541"
  },
  "Oro Valley, Arizona": {
    "state": "04",
    "place": "51600",
    "population": "47070"
  },
  "Paradise Valley, Arizona": {
    "state": "04",
    "place": "52930",
    "population": "12658"
  },
  "Parker, Arizona": {
    "state": "04",
    "place": "53070",
    "population": "3417"
  },
  "Patagonia, Arizona": {
    "state": "04",
    "place": "53490",
    "population": "804"
  },
  "Payson, Arizona": {
    "state": "04",
    "place": "53700",
    "population": "16351"
  },
  "Pima, Arizona": {
    "state": "04",
    "place": "55560",
    "population": "2847"
  },
  "Pinetop-Lakeside, Arizona": {
    "state": "04",
    "place": "55980",
    "population": "4030"
  },
  "Prescott Valley, Arizona": {
    "state": "04",
    "place": "57450",
    "population": "46785"
  },
  "Quartzsite, Arizona": {
    "state": "04",
    "place": "58010",
    "population": "2413"
  },
  "Queen Creek, Arizona": {
    "state": "04",
    "place": "58150",
    "population": "59519"
  },
  "Sahuarita, Arizona": {
    "state": "04",
    "place": "62140",
    "population": "34134"
  },
  "Snowflake, Arizona": {
    "state": "04",
    "place": "67800",
    "population": "6104"
  },
  "Springerville, Arizona": {
    "state": "04",
    "place": "68990",
    "population": "1717"
  },
  "Star Valley, Arizona": {
    "state": "04",
    "place": "69480",
    "population": "2484"
  },
  "Superior, Arizona": {
    "state": "04",
    "place": "71300",
    "population": "2407"
  },
  "Taylor, Arizona": {
    "state": "04",
    "place": "72420",
    "population": "3995"
  },
  "Thatcher, Arizona": {
    "state": "04",
    "place": "73420",
    "population": "5231"
  },
  "Tusayan, Arizona": {
    "state": "04",
    "place": "77490",
    "population": "603"
  },
  "Wellton, Arizona": {
    "state": "04",
    "place": "81480",
    "population": "2375"
  },
  "Wickenburg, Arizona": {
    "state": "04",
    "place": "82740",
    "population": "7474"
  },
  "Winkelman, Arizona": {
    "state": "04",
    "place": "83790",
    "population": "296"
  },
  "Youngtown, Arizona": {
    "state": "04",
    "place": "85400",
    "population": "7056"
  }
}
