{
  "Lakeside CDP (Kern County), California": {
    "state": "06",
    "place": "39759",
    "population": "843"
  },
  "Lakeside CDP (San Diego County), California": {
    "state": "06",
    "place": "39766",
    "population": "21152"
  },
  "Las Flores CDP (Orange County), California": {
    "state": "06",
    "place": "40526",
    "population": "5995"
  },
  "Las Flores CDP (Tehama County), California": {
    "state": "06",
    "place": "40536",
    "population": "190"
  },
  "Lockwood CDP (Amador County), California": {
    "state": "06",
    "place": "42142",
    "population": "495"
  },
  "Lockwood CDP (Monterey County), California": {
    "state": "06",
    "place": "42146",
    "population": "368"
  },
  "Alta Sierra CDP (Kern County), California": {
    "state": "06",
    "place": "01358",
    "population": "103"
  },
  "Alta Sierra CDP (Nevada County), California": {
    "state": "06",
    "place": "01360",
    "population": "7204"
  },
  "Bayview CDP (Contra Costa County), California": {
    "state": "06",
    "place": "04470",
    "population": "1782"
  },
  "Bayview CDP (Humboldt County), California": {
    "state": "06",
    "place": "04478",
    "population": "2619"
  },
  "Bear Valley CDP (Alpine County), California": {
    "state": "06",
    "place": "04716",
    "population": "128"
  },
  "Bear Valley CDP (Mariposa County), California": {
    "state": "06",
    "place": "04730",
    "population": "156"
  },
  "Centerville CDP (Fresno County), California": {
    "state": "06",
    "place": "12412",
    "population": "378"
  },
  "Centerville CDP (Shasta County), California": {
    "state": "06",
    "place": "12415",
    "population": "2095"
  },
  "Cold Springs CDP (El Dorado County), California": {
    "state": "06",
    "place": "14450",
    "population": "556"
  },
  "Cold Springs CDP (Tuolumne County), California": {
    "state": "06",
    "place": "14454",
    "population": "123"
  },
  "Cottonwood CDP (Kern County), California": {
    "state": "06",
    "place": "16623",
    "population": "3971"
  },
  "Cottonwood CDP (Shasta County), California": {
    "state": "06",
    "place": "16630",
    "population": "6268"
  },
  "San Miguel CDP (Contra Costa County), California": {
    "state": "06",
    "place": "68263",
    "population": "3591"
  },
  "San Miguel CDP (San Luis Obispo County), California": {
    "state": "06",
    "place": "68266",
    "population": "3172"
  },
  "El Sobrante CDP (Contra Costa County), California": {
    "state": "06",
    "place": "22454",
    "population": "15524"
  },
  "El Sobrante CDP (Riverside County), California": {
    "state": "06",
    "place": "22457",
    "population": "14039"
  },
  "Spring Valley CDP (Lake County), California": {
    "state": "06",
    "place": "73690",
    "population": "964"
  },
  "Spring Valley CDP (San Diego County), California": {
    "state": "06",
    "place": "73696",
    "population": "30998"
  },
  "Strawberry CDP (Marin County), California": {
    "state": "06",
    "place": "75315",
    "population": "5447"
  },
  "Strawberry CDP (Tuolumne County), California": {
    "state": "06",
    "place": "75322",
    "population": "87"
  },
  "Franklin CDP (Merced County), California": {
    "state": "06",
    "place": "25488",
    "population": "6919"
  },
  "Franklin CDP (Sacramento County), California": {
    "state": "06",
    "place": "25506",
    "population": "167"
  },
  "Green Valley CDP (Los Angeles County), California": {
    "state": "06",
    "place": "31092",
    "population": "1036"
  },
  "Green Valley CDP (Solano County), California": {
    "state": "06",
    "place": "31099",
    "population": "1654"
  },
  "Twin Lakes CDP (Mono County), California": {
    "state": "06",
    "place": "81048",
    "population": "45"
  },
  "Twin Lakes CDP (Santa Cruz County), California": {
    "state": "06",
    "place": "81050",
    "population": "4944"
  }
}
