{
  "Union Beach, New Jersey": {
    "state": "34",
    "place": "74540",
    "population": "5723"
  },
  "Upper Saddle River, New Jersey": {
    "state": "34",
    "place": "75140",
    "population": "8353"
  },
  "Victory Gardens, New Jersey": {
    "state": "34",
    "place": "75890",
    "population": "1582"
  },
  "Waldwick, New Jersey": {
    "state": "34",
    "place": "76400",
    "population": "10058"
  },
  "Wallington, New Jersey": {
    "state": "34",
    "place": "76490",
    "population": "11868"
  },
  "Wanaque, New Jersey": {
    "state": "34",
    "place": "76730",
    "population": "11317"
  },
  "Washington, New Jersey": {
    "state": "34",
    "place": "77270",
    "population": "7299"
  },
  "Watchung, New Jersey": {
    "state": "34",
    "place": "77600",
    "population": "6449"
  },
  "Wenonah, New Jersey": {
    "state": "34",
    "place": "78110",
    "population": "2283"
  },
  "West Cape May, New Jersey": {
    "state": "34",
    "place": "78530",
    "population": "1010"
  },
  "West Long Branch, New Jersey": {
    "state": "34",
    "place": "79310",
    "population": "8587"
  },
  "Westville, New Jersey": {
    "state": "34",
    "place": "80120",
    "population": "4264"
  },
  "West Wildwood, New Jersey": {
    "state": "34",
    "place": "80210",
    "population": "540"
  },
  "Westwood, New Jersey": {
    "state": "34",
    "place": "80270",
    "population": "11282"
  },
  "Wharton, New Jersey": {
    "state": "34",
    "place": "80390",
    "population": "7241"
  },
  "Wildwood Crest, New Jersey": {
    "state": "34",
    "place": "81200",
    "population": "3101"
  },
  "Woodbine, New Jersey": {
    "state": "34",
    "place": "81890",
    "population": "2128"
  },
  "Woodbury Heights, New Jersey": {
    "state": "34",
    "place": "82180",
    "population": "3098"
  },
  "Woodcliff Lake, New Jersey": {
    "state": "34",
    "place": "82300",
    "population": "6128"
  },
  "Woodland Park, New Jersey": {
    "state": "34",
    "place": "82423",
    "population": "13484"
  },
  "Woodlynne, New Jersey": {
    "state": "34",
    "place": "82450",
    "population": "2902"
  },
  "Wood-Ridge, New Jersey": {
    "state": "34",
    "place": "82570",
    "population": "10137"
  },
  "Woodstown, New Jersey": {
    "state": "34",
    "place": "82720",
    "population": "3678"
  },
  "Wrightstown, New Jersey": {
    "state": "34",
    "place": "82960",
    "population": "720"
  },
  "Allendale, New Jersey": {
    "state": "34",
    "place": "00700",
    "population": "6848"
  },
  "Allenhurst, New Jersey": {
    "state": "34",
    "place": "00730",
    "population": "472"
  },
  "Allentown, New Jersey": {
    "state": "34",
    "place": "00760",
    "population": "1734"
  },
  "Alpha, New Jersey": {
    "state": "34",
    "place": "01030",
    "population": "2328"
  },
  "Alpine, New Jersey": {
    "state": "34",
    "place": "01090",
    "population": "1762"
  },
  "Andover, New Jersey": {
    "state": "34",
    "place": "01330",
    "population": "595"
  },
  "Atlantic Highlands, New Jersey": {
    "state": "34",
    "place": "02110",
    "population": "4414"
  },
  "Audubon, New Jersey": {
    "state": "34",
    "place": "02200",
    "population": "8707"
  },
  "Audubon Park, New Jersey": {
    "state": "34",
    "place": "02230",
    "population": "991"
  },
  "Avalon, New Jersey": {
    "state": "34",
    "place": "02320",
    "population": "1243"
  },
  "Avon-by-the-Sea, New Jersey": {
    "state": "34",
    "place": "02440",
    "population": "1933"
  },
  "Barnegat Light, New Jersey": {
    "state": "34",
    "place": "03130",
    "population": "640"
  },
  "Barrington, New Jersey": {
    "state": "34",
    "place": "03250",
    "population": "7075"
  },
  "Bay Head, New Jersey": {
    "state": "34",
    "place": "03520",
    "population": "930"
  },
  "Beach Haven, New Jersey": {
    "state": "34",
    "place": "03940",
    "population": "1027"
  },
  "Beachwood, New Jersey": {
    "state": "34",
    "place": "04180",
    "population": "10859"
  },
  "Bellmawr, New Jersey": {
    "state": "34",
    "place": "04750",
    "population": "11707"
  },
  "Belmar, New Jersey": {
    "state": "34",
    "place": "04930",
    "population": "5907"
  },
  "Bergenfield, New Jersey": {
    "state": "34",
    "place": "05170",
    "population": "28321"
  },
  "Berlin, New Jersey": {
    "state": "34",
    "place": "05440",
    "population": "7489"
  },
  "Bernardsville, New Jersey": {
    "state": "34",
    "place": "05590",
    "population": "7893"
  },
  "Bloomingdale, New Jersey": {
    "state": "34",
    "place": "06340",
    "population": "7777"
  },
  "Bloomsbury, New Jersey": {
    "state": "34",
    "place": "06370",
    "population": "792"
  },
  "Bogota, New Jersey": {
    "state": "34",
    "place": "06490",
    "population": "8778"
  },
  "Bound Brook, New Jersey": {
    "state": "34",
    "place": "06790",
    "population": "11988"
  },
  "Bradley Beach, New Jersey": {
    "state": "34",
    "place": "06970",
    "population": "4282"
  },
  "Branchville, New Jersey": {
    "state": "34",
    "place": "07300",
    "population": "791"
  },
  "Brielle, New Jersey": {
    "state": "34",
    "place": "07750",
    "population": "4982"
  },
  "Brooklawn, New Jersey": {
    "state": "34",
    "place": "08170",
    "population": "1815"
  },
  "Buena, New Jersey": {
    "state": "34",
    "place": "08680",
    "population": "4501"
  },
  "Butler, New Jersey": {
    "state": "34",
    "place": "09040",
    "population": "8047"
  },
  "Caldwell, New Jersey": {
    "state": "34",
    "place": "09250",
    "population": "9027"
  },
  "Califon, New Jersey": {
    "state": "34",
    "place": "09280",
    "population": "1005"
  },
  "Cape May Point, New Jersey": {
    "state": "34",
    "place": "10330",
    "population": "305"
  },
  "Carlstadt, New Jersey": {
    "state": "34",
    "place": "10480",
    "population": "6372"
  },
  "Carteret, New Jersey": {
    "state": "34",
    "place": "10750",
    "population": "25326"
  },
  "Chatham, New Jersey": {
    "state": "34",
    "place": "12100",
    "population": "9212"
  },
  "Chesilhurst, New Jersey": {
    "state": "34",
    "place": "12550",
    "population": "1536"
  },
  "Chester, New Jersey": {
    "state": "34",
    "place": "12580",
    "population": "1681"
  },
  "Clayton, New Jersey": {
    "state": "34",
    "place": "13360",
    "population": "8807"
  },
  "Clementon, New Jersey": {
    "state": "34",
    "place": "13420",
    "population": "5338"
  },
  "Cliffside Park, New Jersey": {
    "state": "34",
    "place": "13570",
    "population": "25693"
  },
  "Closter, New Jersey": {
    "state": "34",
    "place": "13810",
    "population": "8594"
  },
  "Collingswood, New Jersey": {
    "state": "34",
    "place": "14260",
    "population": "14186"
  },
  "Cresskill, New Jersey": {
    "state": "34",
    "place": "15820",
    "population": "9155"
  },
  "Deal, New Jersey": {
    "state": "34",
    "place": "16660",
    "population": "900"
  },
  "Demarest, New Jersey": {
    "state": "34",
    "place": "17530",
    "population": "4981"
  },
  "Dumont, New Jersey": {
    "state": "34",
    "place": "18400",
    "population": "17863"
  },
  "Dunellen, New Jersey": {
    "state": "34",
    "place": "18490",
    "population": "7637"
  },
  "East Newark, New Jersey": {
    "state": "34",
    "place": "19360",
    "population": "2594"
  },
  "East Rutherford, New Jersey": {
    "state": "34",
    "place": "19510",
    "population": "10022"
  },
  "Eatontown, New Jersey": {
    "state": "34",
    "place": "19840",
    "population": "13597"
  },
  "Edgewater, New Jersey": {
    "state": "34",
    "place": "20020",
    "population": "14336"
  },
  "Elmer, New Jersey": {
    "state": "34",
    "place": "21240",
    "population": "1347"
  },
  "Elmwood Park, New Jersey": {
    "state": "34",
    "place": "21300",
    "population": "21422"
  },
  "Emerson, New Jersey": {
    "state": "34",
    "place": "21450",
    "population": "7290"
  },
  "Englewood Cliffs, New Jersey": {
    "state": "34",
    "place": "21510",
    "population": "5342"
  },
  "Englishtown, New Jersey": {
    "state": "34",
    "place": "21570",
    "population": "2346"
  },
  "Essex Fells, New Jersey": {
    "state": "34",
    "place": "21840",
    "population": "2244"
  },
  "Fair Haven, New Jersey": {
    "state": "34",
    "place": "22440",
    "population": "6269"
  },
  "Fair Lawn, New Jersey": {
    "state": "34",
    "place": "22470",
    "population": "34927"
  },
  "Fairview, New Jersey": {
    "state": "34",
    "place": "22560",
    "population": "15025"
  },
  "Fanwood, New Jersey": {
    "state": "34",
    "place": "22860",
    "population": "7774"
  },
  "Far Hills, New Jersey": {
    "state": "34",
    "place": "22890",
    "population": "924"
  },
  "Farmingdale, New Jersey": {
    "state": "34",
    "place": "22950",
    "population": "1504"
  },
  "Fieldsboro, New Jersey": {
    "state": "34",
    "place": "23250",
    "population": "526"
  },
  "Flemington, New Jersey": {
    "state": "34",
    "place": "23700",
    "population": "4876"
  },
  "Florham Park, New Jersey": {
    "state": "34",
    "place": "23910",
    "population": "12585"
  },
  "Folsom, New Jersey": {
    "state": "34",
    "place": "23940",
    "population": "1811"
  },
  "Fort Lee, New Jersey": {
    "state": "34",
    "place": "24420",
    "population": "40191"
  },
  "Franklin, New Jersey": {
    "state": "34",
    "place": "24930",
    "population": "4912"
  },
  "Franklin Lakes, New Jersey": {
    "state": "34",
    "place": "24990",
    "population": "11079"
  },
  "Freehold, New Jersey": {
    "state": "34",
    "place": "25200",
    "population": "12538"
  },
  "Frenchtown, New Jersey": {
    "state": "34",
    "place": "25350",
    "population": "1370"
  },
  "Garwood, New Jersey": {
    "state": "34",
    "place": "25800",
    "population": "4454"
  },
  "Gibbsboro, New Jersey": {
    "state": "34",
    "place": "26070",
    "population": "2189"
  },
  "Glassboro, New Jersey": {
    "state": "34",
    "place": "26340",
    "population": "23149"
  },
  "Glen Gardner, New Jersey": {
    "state": "34",
    "place": "26550",
    "population": "1682"
  },
  "Glen Ridge, New Jersey": {
    "state": "34",
    "place": "26610",
    "population": "7802"
  },
  "Glen Rock, New Jersey": {
    "state": "34",
    "place": "26640",
    "population": "12133"
  },
  "Haddonfield, New Jersey": {
    "state": "34",
    "place": "28770",
    "population": "12550"
  },
  "Haddon Heights, New Jersey": {
    "state": "34",
    "place": "28800",
    "population": "7495"
  },
  "Haledon, New Jersey": {
    "state": "34",
    "place": "29070",
    "population": "9052"
  },
  "Hamburg, New Jersey": {
    "state": "34",
    "place": "29220",
    "population": "3266"
  },
  "Hampton, New Jersey": {
    "state": "34",
    "place": "29460",
    "population": "1438"
  },
  "Harrington Park, New Jersey": {
    "state": "34",
    "place": "30150",
    "population": "4741"
  },
  "Harvey Cedars, New Jersey": {
    "state": "34",
    "place": "30390",
    "population": "391"
  },
  "Hasbrouck Heights, New Jersey": {
    "state": "34",
    "place": "30420",
    "population": "12125"
  },
  "Haworth, New Jersey": {
    "state": "34",
    "place": "30540",
    "population": "3343"
  },
  "Hawthorne, New Jersey": {
    "state": "34",
    "place": "30570",
    "population": "19637"
  },
  "Helmetta, New Jersey": {
    "state": "34",
    "place": "30840",
    "population": "2455"
  },
  "High Bridge, New Jersey": {
    "state": "34",
    "place": "31320",
    "population": "3546"
  },
  "Highland Park, New Jersey": {
    "state": "34",
    "place": "31470",
    "population": "15072"
  },
  "Highlands, New Jersey": {
    "state": "34",
    "place": "31500",
    "population": "4621"
  },
  "Hightstown, New Jersey": {
    "state": "34",
    "place": "31620",
    "population": "5900"
  },
  "Hillsdale, New Jersey": {
    "state": "34",
    "place": "31920",
    "population": "10143"
  },
  "Hi-Nella, New Jersey": {
    "state": "34",
    "place": "32220",
    "population": "927"
  },
  "Ho-Ho-Kus, New Jersey": {
    "state": "34",
    "place": "32310",
    "population": "4258"
  },
  "Hopatcong, New Jersey": {
    "state": "34",
    "place": "32910",
    "population": "14362"
  },
  "Hopewell, New Jersey": {
    "state": "34",
    "place": "33150",
    "population": "1918"
  },
  "Interlaken, New Jersey": {
    "state": "34",
    "place": "34200",
    "population": "828"
  },
  "Island Heights, New Jersey": {
    "state": "34",
    "place": "34530",
    "population": "1650"
  },
  "Jamesburg, New Jersey": {
    "state": "34",
    "place": "34890",
    "population": "5783"
  },
  "Keansburg, New Jersey": {
    "state": "34",
    "place": "36480",
    "population": "9755"
  },
  "Kenilworth, New Jersey": {
    "state": "34",
    "place": "36690",
    "population": "8427"
  },
  "Keyport, New Jersey": {
    "state": "34",
    "place": "36810",
    "population": "7204"
  },
  "Kinnelon, New Jersey": {
    "state": "34",
    "place": "37110",
    "population": "9966"
  },
  "Lake Como, New Jersey": {
    "state": "34",
    "place": "37560",
    "population": "1697"
  },
  "Lakehurst, New Jersey": {
    "state": "34",
    "place": "37770",
    "population": "2636"
  },
  "Laurel Springs, New Jersey": {
    "state": "34",
    "place": "39210",
    "population": "1978"
  },
  "Lavallette, New Jersey": {
    "state": "34",
    "place": "39390",
    "population": "1787"
  },
  "Lawnside, New Jersey": {
    "state": "34",
    "place": "39420",
    "population": "2955"
  },
  "Lebanon, New Jersey": {
    "state": "34",
    "place": "39630",
    "population": "1665"
  },
  "Leonia, New Jersey": {
    "state": "34",
    "place": "40020",
    "population": "9304"
  },
  "Lincoln Park, New Jersey": {
    "state": "34",
    "place": "40290",
    "population": "10915"
  },
  "Lindenwold, New Jersey": {
    "state": "34",
    "place": "40440",
    "population": "21641"
  },
  "Little Ferry, New Jersey": {
    "state": "34",
    "place": "40680",
    "population": "10987"
  },
  "Little Silver, New Jersey": {
    "state": "34",
    "place": "40770",
    "population": "6131"
  },
  "Lodi, New Jersey": {
    "state": "34",
    "place": "41100",
    "population": "26206"
  },
  "Longport, New Jersey": {
    "state": "34",
    "place": "41370",
    "population": "893"
  },
  "Madison, New Jersey": {
    "state": "34",
    "place": "42510",
    "population": "16937"
  },
  "Magnolia, New Jersey": {
    "state": "34",
    "place": "42630",
    "population": "4352"
  },
  "Manasquan, New Jersey": {
    "state": "34",
    "place": "43050",
    "population": "5938"
  },
  "Mantoloking, New Jersey": {
    "state": "34",
    "place": "43380",
    "population": "331"
  },
  "Manville, New Jersey": {
    "state": "34",
    "place": "43620",
    "population": "10953"
  },
  "Matawan, New Jersey": {
    "state": "34",
    "place": "44520",
    "population": "9565"
  },
  "Maywood, New Jersey": {
    "state": "34",
    "place": "44880",
    "population": "10080"
  },
  "Medford Lakes, New Jersey": {
    "state": "34",
    "place": "45210",
    "population": "4264"
  },
  "Mendham, New Jersey": {
    "state": "34",
    "place": "45330",
    "population": "4981"
  },
  "Merchantville, New Jersey": {
    "state": "34",
    "place": "45510",
    "population": "3820"
  },
  "Metuchen, New Jersey": {
    "state": "34",
    "place": "45690",
    "population": "15049"
  },
  "Middlesex, New Jersey": {
    "state": "34",
    "place": "45900",
    "population": "14636"
  },
  "Midland Park, New Jersey": {
    "state": "34",
    "place": "46110",
    "population": "7014"
  },
  "Milford, New Jersey": {
    "state": "34",
    "place": "46260",
    "population": "1232"
  },
  "Millstone, New Jersey": {
    "state": "34",
    "place": "46590",
    "population": "448"
  },
  "Milltown, New Jersey": {
    "state": "34",
    "place": "46620",
    "population": "7037"
  },
  "Monmouth Beach, New Jersey": {
    "state": "34",
    "place": "47130",
    "population": "3174"
  },
  "Montvale, New Jersey": {
    "state": "34",
    "place": "47610",
    "population": "8436"
  },
  "Moonachie, New Jersey": {
    "state": "34",
    "place": "47700",
    "population": "3133"
  },
  "Morris Plains, New Jersey": {
    "state": "34",
    "place": "48210",
    "population": "6153"
  },
  "Mountain Lakes, New Jersey": {
    "state": "34",
    "place": "48480",
    "population": "4472"
  },
  "Mountainside, New Jersey": {
    "state": "34",
    "place": "48510",
    "population": "7020"
  },
  "Mount Arlington, New Jersey": {
    "state": "34",
    "place": "48690",
    "population": "5909"
  },
  "Mount Ephraim, New Jersey": {
    "state": "34",
    "place": "48750",
    "population": "4651"
  },
  "National Park, New Jersey": {
    "state": "34",
    "place": "49680",
    "population": "3026"
  },
  "Neptune City, New Jersey": {
    "state": "34",
    "place": "49920",
    "population": "4626"
  },
  "Netcong, New Jersey": {
    "state": "34",
    "place": "50130",
    "population": "3375"
  },
  "Newfield, New Jersey": {
    "state": "34",
    "place": "51390",
    "population": "1774"
  },
  "New Milford, New Jersey": {
    "state": "34",
    "place": "51660",
    "population": "16923"
  },
  "New Providence, New Jersey": {
    "state": "34",
    "place": "51810",
    "population": "13650"
  },
  "North Arlington, New Jersey": {
    "state": "34",
    "place": "52320",
    "population": "16457"
  },
  "North Caldwell, New Jersey": {
    "state": "34",
    "place": "52620",
    "population": "6694"
  },
  "North Haledon, New Jersey": {
    "state": "34",
    "place": "53040",
    "population": "8927"
  },
  "North Plainfield, New Jersey": {
    "state": "34",
    "place": "53280",
    "population": "22808"
  },
  "Northvale, New Jersey": {
    "state": "34",
    "place": "53430",
    "population": "4761"
  },
  "Norwood, New Jersey": {
    "state": "34",
    "place": "53610",
    "population": "5641"
  },
  "Oakland, New Jersey": {
    "state": "34",
    "place": "53850",
    "population": "12748"
  },
  "Oaklyn, New Jersey": {
    "state": "34",
    "place": "53880",
    "population": "3930"
  },
  "Ocean Gate, New Jersey": {
    "state": "34",
    "place": "54450",
    "population": "1932"
  },
  "Oceanport, New Jersey": {
    "state": "34",
    "place": "54570",
    "population": "6150"
  },
  "Ogdensburg, New Jersey": {
    "state": "34",
    "place": "54660",
    "population": "2258"
  },
  "Old Tappan, New Jersey": {
    "state": "34",
    "place": "54870",
    "population": "5888"
  },
  "Oradell, New Jersey": {
    "state": "34",
    "place": "54990",
    "population": "8244"
  },
  "Palisades Park, New Jersey": {
    "state": "34",
    "place": "55770",
    "population": "20292"
  },
  "Palmyra, New Jersey": {
    "state": "34",
    "place": "55800",
    "population": "7438"
  },
  "Paramus, New Jersey": {
    "state": "34",
    "place": "55950",
    "population": "26698"
  },
  "Park Ridge, New Jersey": {
    "state": "34",
    "place": "56130",
    "population": "8883"
  },
  "Paulsboro, New Jersey": {
    "state": "34",
    "place": "57150",
    "population": "6196"
  },
  "Peapack and Gladstone, New Jersey": {
    "state": "34",
    "place": "57300",
    "population": "2558"
  },
  "Pemberton, New Jersey": {
    "state": "34",
    "place": "57480",
    "population": "1371"
  },
  "Pennington, New Jersey": {
    "state": "34",
    "place": "57600",
    "population": "2802"
  },
  "Penns Grove, New Jersey": {
    "state": "34",
    "place": "57750",
    "population": "4837"
  },
  "Pine Beach, New Jersey": {
    "state": "34",
    "place": "58590",
    "population": "2139"
  },
  "Pine Hill, New Jersey": {
    "state": "34",
    "place": "58770",
    "population": "10743"
  },
  "Pine Valley, New Jersey": {
    "state": "34",
    "place": "58920",
    "population": "21"
  },
  "Pitman, New Jersey": {
    "state": "34",
    "place": "59070",
    "population": "8780"
  },
  "Point Pleasant, New Jersey": {
    "state": "34",
    "place": "59880",
    "population": "18941"
  },
  "Point Pleasant Beach, New Jersey": {
    "state": "34",
    "place": "59910",
    "population": "4766"
  },
  "Pompton Lakes, New Jersey": {
    "state": "34",
    "place": "60090",
    "population": "11127"
  },
  "Prospect Park, New Jersey": {
    "state": "34",
    "place": "61170",
    "population": "6372"
  },
  "Ramsey, New Jersey": {
    "state": "34",
    "place": "61680",
    "population": "14798"
  },
  "Raritan, New Jersey": {
    "state": "34",
    "place": "61980",
    "population": "7835"
  },
  "Red Bank, New Jersey": {
    "state": "34",
    "place": "62430",
    "population": "12936"
  },
  "Ridgefield, New Jersey": {
    "state": "34",
    "place": "62910",
    "population": "11501"
  },
  "Ringwood, New Jersey": {
    "state": "34",
    "place": "63150",
    "population": "11735"
  },
  "Riverdale, New Jersey": {
    "state": "34",
    "place": "63300",
    "population": "4107"
  },
  "River Edge, New Jersey": {
    "state": "34",
    "place": "63360",
    "population": "12049"
  },
  "Riverton, New Jersey": {
    "state": "34",
    "place": "63660",
    "population": "2764"
  },
  "Rockaway, New Jersey": {
    "state": "34",
    "place": "64050",
    "population": "6598"
  },
  "Rockleigh, New Jersey": {
    "state": "34",
    "place": "64170",
    "population": "407"
  },
  "Rocky Hill, New Jersey": {
    "state": "34",
    "place": "64320",
    "population": "743"
  },
  "Roosevelt, New Jersey": {
    "state": "34",
    "place": "64410",
    "population": "808"
  },
  "Roseland, New Jersey": {
    "state": "34",
    "place": "64590",
    "population": "6299"
  },
  "Roselle, New Jersey": {
    "state": "34",
    "place": "64620",
    "population": "22695"
  },
  "Roselle Park, New Jersey": {
    "state": "34",
    "place": "64650",
    "population": "13967"
  },
  "Rumson, New Jersey": {
    "state": "34",
    "place": "65130",
    "population": "7343"
  },
  "Runnemede, New Jersey": {
    "state": "34",
    "place": "65160",
    "population": "8324"
  },
  "Rutherford, New Jersey": {
    "state": "34",
    "place": "65280",
    "population": "18834"
  },
  "Saddle River, New Jersey": {
    "state": "34",
    "place": "65400",
    "population": "3372"
  },
  "Sayreville, New Jersey": {
    "state": "34",
    "place": "65790",
    "population": "45345"
  },
  "Sea Bright, New Jersey": {
    "state": "34",
    "place": "66240",
    "population": "1449"
  },
  "Sea Girt, New Jersey": {
    "state": "34",
    "place": "66330",
    "population": "1866"
  },
  "Seaside Heights, New Jersey": {
    "state": "34",
    "place": "66450",
    "population": "2440"
  },
  "Seaside Park, New Jersey": {
    "state": "34",
    "place": "66480",
    "population": "1436"
  },
  "Shiloh, New Jersey": {
    "state": "34",
    "place": "67020",
    "population": "444"
  },
  "Ship Bottom, New Jersey": {
    "state": "34",
    "place": "67110",
    "population": "1098"
  },
  "Shrewsbury, New Jersey": {
    "state": "34",
    "place": "67350",
    "population": "4184"
  },
  "Somerdale, New Jersey": {
    "state": "34",
    "place": "68340",
    "population": "5566"
  },
  "Somerville, New Jersey": {
    "state": "34",
    "place": "68460",
    "population": "12346"
  },
  "South Bound Brook, New Jersey": {
    "state": "34",
    "place": "68730",
    "population": "4863"
  },
  "South Plainfield, New Jersey": {
    "state": "34",
    "place": "69390",
    "population": "24338"
  },
  "South River, New Jersey": {
    "state": "34",
    "place": "69420",
    "population": "16118"
  },
  "South Toms River, New Jersey": {
    "state": "34",
    "place": "69510",
    "population": "3643"
  },
  "Spotswood, New Jersey": {
    "state": "34",
    "place": "69810",
    "population": "8163"
  },
  "Spring Lake, New Jersey": {
    "state": "34",
    "place": "70110",
    "population": "2789"
  },
  "Spring Lake Heights, New Jersey": {
    "state": "34",
    "place": "70140",
    "population": "4890"
  },
  "Stanhope, New Jersey": {
    "state": "34",
    "place": "70380",
    "population": "3526"
  },
  "Stockton, New Jersey": {
    "state": "34",
    "place": "70980",
    "population": "495"
  },
  "Stone Harbor, New Jersey": {
    "state": "34",
    "place": "71010",
    "population": "796"
  },
  "Stratford, New Jersey": {
    "state": "34",
    "place": "71220",
    "population": "6981"
  },
  "Surf City, New Jersey": {
    "state": "34",
    "place": "71640",
    "population": "1243"
  },
  "Sussex, New Jersey": {
    "state": "34",
    "place": "71670",
    "population": "2024"
  },
  "Swedesboro, New Jersey": {
    "state": "34",
    "place": "71850",
    "population": "2711"
  },
  "Tavistock, New Jersey": {
    "state": "34",
    "place": "72240",
    "population": "9"
  },
  "Tenafly, New Jersey": {
    "state": "34",
    "place": "72420",
    "population": "15409"
  },
  "Teterboro, New Jersey": {
    "state": "34",
    "place": "72480",
    "population": "61"
  },
  "Tinton Falls, New Jersey": {
    "state": "34",
    "place": "73020",
    "population": "19181"
  },
  "Totowa, New Jersey": {
    "state": "34",
    "place": "73140",
    "population": "11065"
  },
  "Tuckerton, New Jersey": {
    "state": "34",
    "place": "74210",
    "population": "3577"
  }
}
