{
  "Carthage, New York": {
    "state": "36",
    "place": "12683",
    "population": "3236"
  },
  "Cassadaga, New York": {
    "state": "36",
    "place": "12749",
    "population": "573"
  },
  "Castile, New York": {
    "state": "36",
    "place": "12771",
    "population": "970"
  },
  "Castleton-on-Hudson, New York": {
    "state": "36",
    "place": "12870",
    "population": "1477"
  },
  "Castorland, New York": {
    "state": "36",
    "place": "12881",
    "population": "334"
  },
  "Cato, New York": {
    "state": "36",
    "place": "12958",
    "population": "517"
  },
  "Catskill, New York": {
    "state": "36",
    "place": "13002",
    "population": "3745"
  },
  "Cattaraugus, New York": {
    "state": "36",
    "place": "13024",
    "population": "960"
  },
  "Cayuga, New York": {
    "state": "36",
    "place": "13068",
    "population": "472"
  },
  "Cayuga Heights, New York": {
    "state": "36",
    "place": "13079",
    "population": "4114"
  },
  "Cazenovia, New York": {
    "state": "36",
    "place": "13145",
    "population": "2767"
  },
  "Cedarhurst, New York": {
    "state": "36",
    "place": "13233",
    "population": "7374"
  },
  "Celoron, New York": {
    "state": "36",
    "place": "13288",
    "population": "1069"
  },
  "Central Square, New York": {
    "state": "36",
    "place": "13585",
    "population": "1862"
  },
  "Centre Island, New York": {
    "state": "36",
    "place": "13618",
    "population": "407"
  },
  "Champlain, New York": {
    "state": "36",
    "place": "13739",
    "population": "1170"
  },
  "Chateaugay, New York": {
    "state": "36",
    "place": "13981",
    "population": "735"
  },
  "Chatham, New York": {
    "state": "36",
    "place": "14003",
    "population": "1529"
  },
  "Chaumont, New York": {
    "state": "36",
    "place": "14036",
    "population": "615"
  },
  "Cherry Valley, New York": {
    "state": "36",
    "place": "15242",
    "population": "467"
  },
  "Chester, New York": {
    "state": "36",
    "place": "15297",
    "population": "3993"
  },
  "Chestnut Ridge, New York": {
    "state": "36",
    "place": "15400",
    "population": "10505"
  },
  "Chittenango, New York": {
    "state": "36",
    "place": "15561",
    "population": "4896"
  },
  "Churchville, New York": {
    "state": "36",
    "place": "15638",
    "population": "2091"
  },
  "Clayton, New York": {
    "state": "36",
    "place": "16089",
    "population": "1705"
  },
  "Clayville, New York": {
    "state": "36",
    "place": "16111",
    "population": "339"
  },
  "Cleveland, New York": {
    "state": "36",
    "place": "16188",
    "population": "732"
  },
  "Clifton Springs, New York": {
    "state": "36",
    "place": "16375",
    "population": "2209"
  },
  "Clinton, New York": {
    "state": "36",
    "place": "16419",
    "population": "1683"
  },
  "Clyde, New York": {
    "state": "36",
    "place": "16573",
    "population": "2171"
  },
  "Cobleskill, New York": {
    "state": "36",
    "place": "16628",
    "population": "4173"
  },
  "Cohocton, New York": {
    "state": "36",
    "place": "16727",
    "population": "703"
  },
  "Cold Spring, New York": {
    "state": "36",
    "place": "16936",
    "population": "1986"
  },
  "Colonie, New York": {
    "state": "36",
    "place": "17332",
    "population": "7781"
  },
  "Constableville, New York": {
    "state": "36",
    "place": "17882",
    "population": "293"
  },
  "Cooperstown, New York": {
    "state": "36",
    "place": "18047",
    "population": "1794"
  },
  "Copenhagen, New York": {
    "state": "36",
    "place": "18135",
    "population": "631"
  },
  "Corfu, New York": {
    "state": "36",
    "place": "18201",
    "population": "689"
  },
  "Corinth, New York": {
    "state": "36",
    "place": "18212",
    "population": "2562"
  },
  "Cornwall-on-Hudson, New York": {
    "state": "36",
    "place": "18333",
    "population": "3075"
  },
  "Cove Neck, New York": {
    "state": "36",
    "place": "18597",
    "population": "293"
  },
  "Coxsackie, New York": {
    "state": "36",
    "place": "18718",
    "population": "2746"
  },
  "Croghan, New York": {
    "state": "36",
    "place": "19070",
    "population": "639"
  },
  "Croton-on-Hudson, New York": {
    "state": "36",
    "place": "19213",
    "population": "8327"
  },
  "Cuba, New York": {
    "state": "36",
    "place": "19356",
    "population": "1517"
  },
  "Cold Brook, New York": {
    "state": "36",
    "place": "16815",
    "population": "250"
  },
  "Dannemora, New York": {
    "state": "36",
    "place": "19642",
    "population": "3287"
  },
  "Dansville, New York": {
    "state": "36",
    "place": "19664",
    "population": "4433"
  },
  "Deferiet, New York": {
    "state": "36",
    "place": "19994",
    "population": "245"
  },
  "Delanson, New York": {
    "state": "36",
    "place": "20082",
    "population": "335"
  },
  "Delevan, New York": {
    "state": "36",
    "place": "20115",
    "population": "1043"
  },
  "Delhi, New York": {
    "state": "36",
    "place": "20126",
    "population": "2721"
  },
  "Depew, New York": {
    "state": "36",
    "place": "20313",
    "population": "15178"
  },
  "Deposit, New York": {
    "state": "36",
    "place": "20346",
    "population": "1387"
  },
  "Dering Harbor, New York": {
    "state": "36",
    "place": "20379",
    "population": "50"
  },
  "DeRuyter, New York": {
    "state": "36",
    "place": "20390",
    "population": "408"
  },
  "Dexter, New York": {
    "state": "36",
    "place": "20500",
    "population": "1004"
  },
  "Dobbs Ferry, New York": {
    "state": "36",
    "place": "20698",
    "population": "11541"
  },
  "Dolgeville, New York": {
    "state": "36",
    "place": "20731",
    "population": "2042"
  },
  "Dresden, New York": {
    "state": "36",
    "place": "20896",
    "population": "293"
  },
  "Dryden, New York": {
    "state": "36",
    "place": "20951",
    "population": "1887"
  },
  "Dundee, New York": {
    "state": "36",
    "place": "21050",
    "population": "1690"
  },
  "Earlville, New York": {
    "state": "36",
    "place": "21523",
    "population": "774"
  },
  "East Aurora, New York": {
    "state": "36",
    "place": "21589",
    "population": "5998"
  },
  "East Hampton, New York": {
    "state": "36",
    "place": "22183",
    "population": "1517"
  },
  "East Hills, New York": {
    "state": "36",
    "place": "22260",
    "population": "7284"
  },
  "East Nassau, New York": {
    "state": "36",
    "place": "22557",
    "population": "559"
  },
  "East Rochester, New York": {
    "state": "36",
    "place": "22865",
    "population": "6334"
  },
  "East Rockaway, New York": {
    "state": "36",
    "place": "22876",
    "population": "10159"
  },
  "East Syracuse, New York": {
    "state": "36",
    "place": "23052",
    "population": "3078"
  },
  "East Williston, New York": {
    "state": "36",
    "place": "23217",
    "population": "2645"
  },
  "Frankfort, New York": {
    "state": "36",
    "place": "27188",
    "population": "2320"
  },
  "Franklin, New York": {
    "state": "36",
    "place": "27221",
    "population": "258"
  },
  "Franklinville, New York": {
    "state": "36",
    "place": "27331",
    "population": "1652"
  },
  "Fredonia, New York": {
    "state": "36",
    "place": "27419",
    "population": "9585"
  },
  "Freeport, New York": {
    "state": "36",
    "place": "27485",
    "population": "44472"
  },
  "Freeville, New York": {
    "state": "36",
    "place": "27529",
    "population": "498"
  },
  "Fultonville, New York": {
    "state": "36",
    "place": "27859",
    "population": "742"
  },
  "Gainesville, New York": {
    "state": "36",
    "place": "27969",
    "population": "211"
  },
  "Galway, New York": {
    "state": "36",
    "place": "28101",
    "population": "165"
  },
  "Garden City, New York": {
    "state": "36",
    "place": "28178",
    "population": "23272"
  },
  "Geneseo, New York": {
    "state": "36",
    "place": "28618",
    "population": "7574"
  },
  "Gilbertsville, New York": {
    "state": "36",
    "place": "28959",
    "population": "308"
  },
  "Glen Park, New York": {
    "state": "36",
    "place": "29322",
    "population": "452"
  },
  "Goshen, New York": {
    "state": "36",
    "place": "29542",
    "population": "5777"
  },
  "Gouverneur, New York": {
    "state": "36",
    "place": "29597",
    "population": "3526"
  },
  "Gowanda, New York": {
    "state": "36",
    "place": "29630",
    "population": "2513"
  },
  "Grand View-on-Hudson, New York": {
    "state": "36",
    "place": "29872",
    "population": "246"
  },
  "Granville, New York": {
    "state": "36",
    "place": "30026",
    "population": "2404"
  },
  "Great Neck, New York": {
    "state": "36",
    "place": "30169",
    "population": "11145"
  },
  "Great Neck Estates, New York": {
    "state": "36",
    "place": "30191",
    "population": "2990"
  },
  "Great Neck Plaza, New York": {
    "state": "36",
    "place": "30213",
    "population": "7482"
  },
  "Adams, New York": {
    "state": "36",
    "place": "00199",
    "population": "1633"
  },
  "Addison, New York": {
    "state": "36",
    "place": "00276",
    "population": "1561"
  },
  "Afton, New York": {
    "state": "36",
    "place": "00342",
    "population": "794"
  },
  "Airmont, New York": {
    "state": "36",
    "place": "00408",
    "population": "10166"
  },
  "Akron, New York": {
    "state": "36",
    "place": "00441",
    "population": "2888"
  },
  "Albion, New York": {
    "state": "36",
    "place": "01033",
    "population": "5637"
  },
  "Alden, New York": {
    "state": "36",
    "place": "01088",
    "population": "2604"
  },
  "Alexander, New York": {
    "state": "36",
    "place": "01154",
    "population": "518"
  },
  "Alexandria Bay, New York": {
    "state": "36",
    "place": "01187",
    "population": "924"
  },
  "Alfred, New York": {
    "state": "36",
    "place": "01198",
    "population": "4026"
  },
  "Allegany, New York": {
    "state": "36",
    "place": "01286",
    "population": "1544"
  },
  "Almond, New York": {
    "state": "36",
    "place": "01440",
    "population": "415"
  },
  "Altamont, New York": {
    "state": "36",
    "place": "01517",
    "population": "1675"
  },
  "Ames, New York": {
    "state": "36",
    "place": "01737",
    "population": "138"
  },
  "Amityville, New York": {
    "state": "36",
    "place": "02044",
    "population": "9500"
  },
  "Andover, New York": {
    "state": "36",
    "place": "02143",
    "population": "890"
  },
  "Angelica, New York": {
    "state": "36",
    "place": "02176",
    "population": "723"
  },
  "Angola, New York": {
    "state": "36",
    "place": "02198",
    "population": "2046"
  },
  "Antwerp, New York": {
    "state": "36",
    "place": "02286",
    "population": "506"
  },
  "Arcade, New York": {
    "state": "36",
    "place": "02407",
    "population": "1908"
  },
  "Ardsley, New York": {
    "state": "36",
    "place": "02506",
    "population": "5079"
  },
  "Argyle, New York": {
    "state": "36",
    "place": "02550",
    "population": "289"
  },
  "Arkport, New York": {
    "state": "36",
    "place": "02583",
    "population": "745"
  },
  "Asharoken, New York": {
    "state": "36",
    "place": "02737",
    "population": "592"
  },
  "Athens, New York": {
    "state": "36",
    "place": "02902",
    "population": "1586"
  },
  "Atlantic Beach, New York": {
    "state": "36",
    "place": "02968",
    "population": "1707"
  },
  "Elba, New York": {
    "state": "36",
    "place": "23745",
    "population": "558"
  },
  "Elbridge, New York": {
    "state": "36",
    "place": "23789",
    "population": "921"
  },
  "Ellenville, New York": {
    "state": "36",
    "place": "23965",
    "population": "4167"
  },
  "Ellicottville, New York": {
    "state": "36",
    "place": "24020",
    "population": "256"
  },
  "Ellisburg, New York": {
    "state": "36",
    "place": "24075",
    "population": "186"
  },
  "Elmira Heights, New York": {
    "state": "36",
    "place": "24251",
    "population": "3916"
  },
  "Elmsford, New York": {
    "state": "36",
    "place": "24295",
    "population": "5239"
  },
  "Endicott, New York": {
    "state": "36",
    "place": "24515",
    "population": "13667"
  },
  "Esperance, New York": {
    "state": "36",
    "place": "24713",
    "population": "346"
  },
  "Evans Mills, New York": {
    "state": "36",
    "place": "24823",
    "population": "678"
  },
  "Fabius, New York": {
    "state": "36",
    "place": "24867",
    "population": "309"
  },
  "Fair Haven, New York": {
    "state": "36",
    "place": "24988",
    "population": "760"
  },
  "Fairport, New York": {
    "state": "36",
    "place": "25076",
    "population": "5501"
  },
  "Falconer, New York": {
    "state": "36",
    "place": "25164",
    "population": "2269"
  },
  "Farmingdale, New York": {
    "state": "36",
    "place": "25384",
    "population": "8466"
  },
  "Farnham, New York": {
    "state": "36",
    "place": "25428",
    "population": "381"
  },
  "Fayetteville, New York": {
    "state": "36",
    "place": "25527",
    "population": "4225"
  },
  "Fishkill, New York": {
    "state": "36",
    "place": "25967",
    "population": "2166"
  },
  "Fleischmanns, New York": {
    "state": "36",
    "place": "26209",
    "population": "210"
  },
  "Floral Park, New York": {
    "state": "36",
    "place": "26264",
    "population": "16172"
  },
  "Florida, New York": {
    "state": "36",
    "place": "26319",
    "population": "2888"
  },
  "Flower Hill, New York": {
    "state": "36",
    "place": "26352",
    "population": "4794"
  },
  "Fonda, New York": {
    "state": "36",
    "place": "26462",
    "population": "668"
  },
  "Fort Ann, New York": {
    "state": "36",
    "place": "26704",
    "population": "460"
  },
  "Fort Edward, New York": {
    "state": "36",
    "place": "26770",
    "population": "3108"
  },
  "Fort Johnson, New York": {
    "state": "36",
    "place": "26880",
    "population": "401"
  },
  "Fort Plain, New York": {
    "state": "36",
    "place": "26924",
    "population": "1930"
  },
  "Greene, New York": {
    "state": "36",
    "place": "30411",
    "population": "1463"
  },
  "Green Island, New York": {
    "state": "36",
    "place": "30521",
    "population": "2934"
  },
  "Greenport, New York": {
    "state": "36",
    "place": "30576",
    "population": "2583"
  },
  "Greenwich, New York": {
    "state": "36",
    "place": "30675",
    "population": "1651"
  },
  "Greenwood Lake, New York": {
    "state": "36",
    "place": "30752",
    "population": "2994"
  },
  "Groton, New York": {
    "state": "36",
    "place": "30961",
    "population": "2145"
  },
  "Hagaman, New York": {
    "state": "36",
    "place": "31291",
    "population": "1117"
  },
  "Hamburg, New York": {
    "state": "36",
    "place": "31643",
    "population": "9696"
  },
  "Hamilton, New York": {
    "state": "36",
    "place": "31709",
    "population": "4107"
  },
  "Hammond, New York": {
    "state": "36",
    "place": "31830",
    "population": "273"
  },
  "Hammondsport, New York": {
    "state": "36",
    "place": "31852",
    "population": "583"
  },
  "Hancock, New York": {
    "state": "36",
    "place": "31940",
    "population": "908"
  },
  "Hannibal, New York": {
    "state": "36",
    "place": "32017",
    "population": "535"
  },
  "Harriman, New York": {
    "state": "36",
    "place": "32325",
    "population": "2714"
  },
  "Harrison, New York": {
    "state": "36",
    "place": "32402",
    "population": "28218"
  },
  "Hastings-on-Hudson, New York": {
    "state": "36",
    "place": "32710",
    "population": "8590"
  },
  "Haverstraw, New York": {
    "state": "36",
    "place": "32754",
    "population": "12323"
  },
  "Head of the Harbor, New York": {
    "state": "36",
    "place": "32963",
    "population": "1520"
  },
  "Hempstead, New York": {
    "state": "36",
    "place": "33139",
    "population": "59169"
  },
  "Herkimer, New York": {
    "state": "36",
    "place": "34121",
    "population": "7234"
  },
  "Heuvelton, New York": {
    "state": "36",
    "place": "34264",
    "population": "722"
  },
  "Hewlett Bay Park, New York": {
    "state": "36",
    "place": "34297",
    "population": "494"
  },
  "Hewlett Harbor, New York": {
    "state": "36",
    "place": "34308",
    "population": "1290"
  },
  "Hewlett Neck, New York": {
    "state": "36",
    "place": "34319",
    "population": "569"
  },
  "Highland Falls, New York": {
    "state": "36",
    "place": "34495",
    "population": "3684"
  },
  "Hillburn, New York": {
    "state": "36",
    "place": "34660",
    "population": "930"
  },
  "Hilton, New York": {
    "state": "36",
    "place": "34847",
    "population": "6027"
  },
  "Hobart, New York": {
    "state": "36",
    "place": "34979",
    "population": "351"
  },
  "Holland Patent, New York": {
    "state": "36",
    "place": "35144",
    "population": "416"
  },
  "Holley, New York": {
    "state": "36",
    "place": "35155",
    "population": "1754"
  },
  "Homer, New York": {
    "state": "36",
    "place": "35276",
    "population": "3210"
  },
  "Honeoye Falls, New York": {
    "state": "36",
    "place": "35364",
    "population": "2706"
  },
  "Hoosick Falls, New York": {
    "state": "36",
    "place": "35474",
    "population": "3216"
  },
  "Horseheads, New York": {
    "state": "36",
    "place": "35694",
    "population": "6606"
  },
  "Hudson Falls, New York": {
    "state": "36",
    "place": "35980",
    "population": "7427"
  },
  "Hunter, New York": {
    "state": "36",
    "place": "36167",
    "population": "429"
  },
  "Huntington Bay, New York": {
    "state": "36",
    "place": "37022",
    "population": "1446"
  },
  "Ilion, New York": {
    "state": "36",
    "place": "37275",
    "population": "7646"
  },
  "Interlaken, New York": {
    "state": "36",
    "place": "37528",
    "population": "595"
  },
  "Irvington, New York": {
    "state": "36",
    "place": "37803",
    "population": "6652"
  },
  "Islandia, New York": {
    "state": "36",
    "place": "37840",
    "population": "3567"
  },
  "Island Park, New York": {
    "state": "36",
    "place": "37847",
    "population": "4928"
  },
  "Jeffersonville, New York": {
    "state": "36",
    "place": "38506",
    "population": "368"
  },
  "Johnson City, New York": {
    "state": "36",
    "place": "38748",
    "population": "15343"
  },
  "Jordan, New York": {
    "state": "36",
    "place": "38825",
    "population": "1192"
  },
  "Kaser, New York": {
    "state": "36",
    "place": "38934",
    "population": "5491"
  },
  "Kenmore, New York": {
    "state": "36",
    "place": "39232",
    "population": "15205"
  },
  "Kensington, New York": {
    "state": "36",
    "place": "39309",
    "population": "1226"
  },
  "Kinderhook, New York": {
    "state": "36",
    "place": "39562",
    "population": "1170"
  },
  "Kings Point, New York": {
    "state": "36",
    "place": "39694",
    "population": "5619"
  },
  "Kiryas Joel, New York": {
    "state": "36",
    "place": "39853",
    "population": "32954"
  },
  "Lacona, New York": {
    "state": "36",
    "place": "40200",
    "population": "657"
  },
  "Lake George, New York": {
    "state": "36",
    "place": "40508",
    "population": "1008"
  },
  "Lake Grove, New York": {
    "state": "36",
    "place": "40530",
    "population": "11072"
  },
  "Lake Placid, New York": {
    "state": "36",
    "place": "40761",
    "population": "2205"
  },
  "Lake Success, New York": {
    "state": "36",
    "place": "40937",
    "population": "2828"
  },
  "Lakewood, New York": {
    "state": "36",
    "place": "41069",
    "population": "3002"
  },
  "Lancaster, New York": {
    "state": "36",
    "place": "41135",
    "population": "10027"
  },
  "Lansing, New York": {
    "state": "36",
    "place": "41223",
    "population": "3648"
  },
  "Larchmont, New York": {
    "state": "36",
    "place": "41333",
    "population": "6630"
  },
  "Lattingtown, New York": {
    "state": "36",
    "place": "41432",
    "population": "1881"
  },
  "Laurel Hollow, New York": {
    "state": "36",
    "place": "41487",
    "population": "1940"
  },
  "Laurens, New York": {
    "state": "36",
    "place": "41520",
    "population": "185"
  },
  "Lawrence, New York": {
    "state": "36",
    "place": "41553",
    "population": "6809"
  },
  "Leicester, New York": {
    "state": "36",
    "place": "41872",
    "population": "440"
  },
  "Le Roy, New York": {
    "state": "36",
    "place": "42026",
    "population": "4300"
  },
  "Lewiston, New York": {
    "state": "36",
    "place": "42147",
    "population": "2531"
  },
  "Liberty, New York": {
    "state": "36",
    "place": "42224",
    "population": "4700"
  },
  "Massapequa Park, New York": {
    "state": "36",
    "place": "45997",
    "population": "17109"
  },
  "Massena, New York": {
    "state": "36",
    "place": "46019",
    "population": "10151"
  },
  "Matinecock, New York": {
    "state": "36",
    "place": "46107",
    "population": "847"
  },
  "Maybrook, New York": {
    "state": "36",
    "place": "46162",
    "population": "3150"
  },
  "Mayfield, New York": {
    "state": "36",
    "place": "46206",
    "population": "780"
  },
  "Mayville, New York": {
    "state": "36",
    "place": "46239",
    "population": "1442"
  },
  "Medina, New York": {
    "state": "36",
    "place": "46415",
    "population": "6047"
  },
  "Menands, New York": {
    "state": "36",
    "place": "46536",
    "population": "4554"
  },
  "Meridian, New York": {
    "state": "36",
    "place": "46646",
    "population": "287"
  },
  "Mexico, New York": {
    "state": "36",
    "place": "46811",
    "population": "1531"
  },
  "Middleburgh, New York": {
    "state": "36",
    "place": "46866",
    "population": "1131"
  },
  "Middleport, New York": {
    "state": "36",
    "place": "46998",
    "population": "1729"
  },
  "Middleville, New York": {
    "state": "36",
    "place": "47108",
    "population": "407"
  },
  "Milford, New York": {
    "state": "36",
    "place": "47229",
    "population": "367"
  },
  "Millbrook, New York": {
    "state": "36",
    "place": "47273",
    "population": "1455"
  },
  "Millerton, New York": {
    "state": "36",
    "place": "47361",
    "population": "903"
  },
  "Mill Neck, New York": {
    "state": "36",
    "place": "47405",
    "population": "1054"
  },
  "Millport, New York": {
    "state": "36",
    "place": "47427",
    "population": "301"
  },
  "Mineola, New York": {
    "state": "36",
    "place": "47636",
    "population": "20800"
  },
  "Minoa, New York": {
    "state": "36",
    "place": "47757",
    "population": "3657"
  },
  "Mohawk, New York": {
    "state": "36",
    "place": "47823",
    "population": "2415"
  },
  "Monroe, New York": {
    "state": "36",
    "place": "47988",
    "population": "9343"
  },
  "Montebello, New York": {
    "state": "36",
    "place": "48090",
    "population": "4507"
  },
  "Montgomery, New York": {
    "state": "36",
    "place": "48142",
    "population": "3834"
  },
  "Monticello, New York": {
    "state": "36",
    "place": "48175",
    "population": "7173"
  },
  "Montour Falls, New York": {
    "state": "36",
    "place": "48197",
    "population": "1635"
  },
  "Moravia, New York": {
    "state": "36",
    "place": "48296",
    "population": "1224"
  },
  "Nissequogue, New York": {
    "state": "36",
    "place": "51286",
    "population": "1564"
  },
  "North Collins, New York": {
    "state": "36",
    "place": "51792",
    "population": "1247"
  },
  "North Haven, New York": {
    "state": "36",
    "place": "52188",
    "population": "1162"
  },
  "North Hills, New York": {
    "state": "36",
    "place": "53022",
    "population": "5464"
  },
  "North Hornell, New York": {
    "state": "36",
    "place": "53055",
    "population": "732"
  },
  "Northport, New York": {
    "state": "36",
    "place": "53396",
    "population": "7347"
  },
  "North Syracuse, New York": {
    "state": "36",
    "place": "53660",
    "population": "6739"
  },
  "Northville, New York": {
    "state": "36",
    "place": "53770",
    "population": "993"
  },
  "Norwood, New York": {
    "state": "36",
    "place": "54012",
    "population": "1552"
  },
  "Nunda, New York": {
    "state": "36",
    "place": "54078",
    "population": "1169"
  },
  "Nyack, New York": {
    "state": "36",
    "place": "54100",
    "population": "7265"
  },
  "Oakfield, New York": {
    "state": "36",
    "place": "54155",
    "population": "1812"
  },
  "Ocean Beach, New York": {
    "state": "36",
    "place": "54430",
    "population": "153"
  },
  "Odessa, New York": {
    "state": "36",
    "place": "54452",
    "population": "517"
  },
  "Old Brookville, New York": {
    "state": "36",
    "place": "54562",
    "population": "2020"
  },
  "Old Field, New York": {
    "state": "36",
    "place": "54617",
    "population": "893"
  },
  "Attica, New York": {
    "state": "36",
    "place": "03001",
    "population": "2450"
  },
  "Aurora, New York": {
    "state": "36",
    "place": "03188",
    "population": "607"
  },
  "Avoca, New York": {
    "state": "36",
    "place": "03331",
    "population": "809"
  },
  "Avon, New York": {
    "state": "36",
    "place": "03353",
    "population": "3399"
  },
  "Babylon, New York": {
    "state": "36",
    "place": "03408",
    "population": "12188"
  },
  "Bainbridge, New York": {
    "state": "36",
    "place": "04033",
    "population": "1251"
  },
  "Baldwinsville, New York": {
    "state": "36",
    "place": "04198",
    "population": "7898"
  },
  "Ballston Spa, New York": {
    "state": "36",
    "place": "04253",
    "population": "5111"
  },
  "Barker, New York": {
    "state": "36",
    "place": "04440",
    "population": "575"
  },
  "Bath, New York": {
    "state": "36",
    "place": "04759",
    "population": "5571"
  },
  "Baxter Estates, New York": {
    "state": "36",
    "place": "04803",
    "population": "991"
  },
  "Bayville, New York": {
    "state": "36",
    "place": "05034",
    "population": "6748"
  },
  "Bellerose, New York": {
    "state": "36",
    "place": "05639",
    "population": "1173"
  },
  "Belle Terre, New York": {
    "state": "36",
    "place": "05672",
    "population": "808"
  },
  "Bellport, New York": {
    "state": "36",
    "place": "05771",
    "population": "2203"
  },
  "Belmont, New York": {
    "state": "36",
    "place": "05815",
    "population": "856"
  },
  "Bemus Point, New York": {
    "state": "36",
    "place": "05848",
    "population": "306"
  },
  "Bergen, New York": {
    "state": "36",
    "place": "06046",
    "population": "1208"
  },
  "Black River, New York": {
    "state": "36",
    "place": "06794",
    "population": "1232"
  },
  "Blasdell, New York": {
    "state": "36",
    "place": "06849",
    "population": "2539"
  },
  "Bloomfield, New York": {
    "state": "36",
    "place": "06945",
    "population": "1277"
  },
  "Bloomingburg, New York": {
    "state": "36",
    "place": "06959",
    "population": "1032"
  },
  "Lima, New York": {
    "state": "36",
    "place": "42323",
    "population": "2094"
  },
  "Lindenhurst, New York": {
    "state": "36",
    "place": "42554",
    "population": "27148"
  },
  "Lisle, New York": {
    "state": "36",
    "place": "42642",
    "population": "348"
  },
  "Little Valley, New York": {
    "state": "36",
    "place": "42829",
    "population": "1058"
  },
  "Liverpool, New York": {
    "state": "36",
    "place": "42884",
    "population": "2242"
  },
  "Livonia, New York": {
    "state": "36",
    "place": "42950",
    "population": "1472"
  },
  "Lloyd Harbor, New York": {
    "state": "36",
    "place": "43005",
    "population": "3571"
  },
  "Lodi, New York": {
    "state": "36",
    "place": "43214",
    "population": "254"
  },
  "Lowville, New York": {
    "state": "36",
    "place": "43720",
    "population": "3272"
  },
  "Lynbrook, New York": {
    "state": "36",
    "place": "43874",
    "population": "20438"
  },
  "Lyndonville, New York": {
    "state": "36",
    "place": "43918",
    "population": "771"
  },
  "Lyons Falls, New York": {
    "state": "36",
    "place": "44006",
    "population": "570"
  },
  "McGraw, New York": {
    "state": "36",
    "place": "44193",
    "population": "972"
  },
  "Madison, New York": {
    "state": "36",
    "place": "44424",
    "population": "311"
  },
  "Malone, New York": {
    "state": "36",
    "place": "44710",
    "population": "5483"
  },
  "Malverne, New York": {
    "state": "36",
    "place": "44787",
    "population": "8560"
  },
  "Mamaroneck, New York": {
    "state": "36",
    "place": "44831",
    "population": "20151"
  },
  "Manchester, New York": {
    "state": "36",
    "place": "44853",
    "population": "1640"
  },
  "Manlius, New York": {
    "state": "36",
    "place": "45018",
    "population": "4662"
  },
  "Mannsville, New York": {
    "state": "36",
    "place": "45073",
    "population": "297"
  },
  "Manorhaven, New York": {
    "state": "36",
    "place": "45106",
    "population": "6956"
  },
  "Marathon, New York": {
    "state": "36",
    "place": "45392",
    "population": "892"
  },
  "Marcellus, New York": {
    "state": "36",
    "place": "45480",
    "population": "1745"
  },
  "Margaretville, New York": {
    "state": "36",
    "place": "45557",
    "population": "514"
  },
  "Morris, New York": {
    "state": "36",
    "place": "48483",
    "population": "486"
  },
  "Morristown, New York": {
    "state": "36",
    "place": "48571",
    "population": "398"
  },
  "Morrisville, New York": {
    "state": "36",
    "place": "48593",
    "population": "1633"
  },
  "Mount Kisco, New York": {
    "state": "36",
    "place": "48890",
    "population": "10959"
  },
  "Mount Morris, New York": {
    "state": "36",
    "place": "48945",
    "population": "2898"
  },
  "Munnsville, New York": {
    "state": "36",
    "place": "49220",
    "population": "454"
  },
  "Munsey Park, New York": {
    "state": "36",
    "place": "49231",
    "population": "2809"
  },
  "Muttontown, New York": {
    "state": "36",
    "place": "49330",
    "population": "3512"
  },
  "Naples, New York": {
    "state": "36",
    "place": "49429",
    "population": "931"
  },
  "Nassau, New York": {
    "state": "36",
    "place": "49506",
    "population": "1103"
  },
  "Nelliston, New York": {
    "state": "36",
    "place": "49748",
    "population": "555"
  },
  "Nelsonville, New York": {
    "state": "36",
    "place": "49781",
    "population": "624"
  },
  "Newark, New York": {
    "state": "36",
    "place": "49891",
    "population": "9017"
  },
  "Newark Valley, New York": {
    "state": "36",
    "place": "49902",
    "population": "928"
  },
  "New Berlin, New York": {
    "state": "36",
    "place": "49946",
    "population": "901"
  },
  "New Hartford, New York": {
    "state": "36",
    "place": "50298",
    "population": "1859"
  },
  "New Hempstead, New York": {
    "state": "36",
    "place": "50353",
    "population": "5463"
  },
  "New Hyde Park, New York": {
    "state": "36",
    "place": "50397",
    "population": "10257"
  },
  "New Paltz, New York": {
    "state": "36",
    "place": "50551",
    "population": "7324"
  },
  "Newport, New York": {
    "state": "36",
    "place": "50573",
    "population": "543"
  },
  "New Square, New York": {
    "state": "36",
    "place": "50705",
    "population": "9679"
  },
  "New York Mills, New York": {
    "state": "36",
    "place": "51011",
    "population": "3244"
  },
  "Nichols, New York": {
    "state": "36",
    "place": "51110",
    "population": "457"
  },
  "Old Westbury, New York": {
    "state": "36",
    "place": "54705",
    "population": "4289"
  },
  "Oneida Castle, New York": {
    "state": "36",
    "place": "54848",
    "population": "586"
  },
  "Orchard Park, New York": {
    "state": "36",
    "place": "55266",
    "population": "3108"
  },
  "Oriskany, New York": {
    "state": "36",
    "place": "55365",
    "population": "1315"
  },
  "Oriskany Falls, New York": {
    "state": "36",
    "place": "55376",
    "population": "658"
  },
  "Ossining, New York": {
    "state": "36",
    "place": "55530",
    "population": "27551"
  },
  "Otego, New York": {
    "state": "36",
    "place": "55618",
    "population": "875"
  },
  "Otisville, New York": {
    "state": "36",
    "place": "55673",
    "population": "969"
  },
  "Ovid, New York": {
    "state": "36",
    "place": "55816",
    "population": "534"
  },
  "Owego, New York": {
    "state": "36",
    "place": "55882",
    "population": "3654"
  },
  "Oxford, New York": {
    "state": "36",
    "place": "55948",
    "population": "1330"
  },
  "Oyster Bay Cove, New York": {
    "state": "36",
    "place": "56011",
    "population": "2265"
  },
  "Painted Post, New York": {
    "state": "36",
    "place": "56088",
    "population": "1768"
  },
  "Palatine Bridge, New York": {
    "state": "36",
    "place": "56110",
    "population": "796"
  },
  "Palmyra, New York": {
    "state": "36",
    "place": "56187",
    "population": "3305"
  },
  "Panama, New York": {
    "state": "36",
    "place": "56231",
    "population": "475"
  },
  "Parish, New York": {
    "state": "36",
    "place": "56341",
    "population": "447"
  },
  "Patchogue, New York": {
    "state": "36",
    "place": "56660",
    "population": "12408"
  },
  "Pawling, New York": {
    "state": "36",
    "place": "56814",
    "population": "1995"
  },
  "Pelham, New York": {
    "state": "36",
    "place": "57001",
    "population": "7326"
  },
  "Pelham Manor, New York": {
    "state": "36",
    "place": "57023",
    "population": "5752"
  },
  "Penn Yan, New York": {
    "state": "36",
    "place": "57177",
    "population": "5056"
  },
  "Perry, New York": {
    "state": "36",
    "place": "57243",
    "population": "3536"
  },
  "Phelps, New York": {
    "state": "36",
    "place": "57518",
    "population": "1851"
  },
  "Philadelphia, New York": {
    "state": "36",
    "place": "57551",
    "population": "1098"
  },
  "Philmont, New York": {
    "state": "36",
    "place": "57639",
    "population": "1377"
  },
  "Phoenix, New York": {
    "state": "36",
    "place": "57661",
    "population": "2226"
  },
  "Piermont, New York": {
    "state": "36",
    "place": "57749",
    "population": "2517"
  },
  "Pittsford, New York": {
    "state": "36",
    "place": "58354",
    "population": "1419"
  },
  "Plandome, New York": {
    "state": "36",
    "place": "58475",
    "population": "1448"
  },
  "Plandome Heights, New York": {
    "state": "36",
    "place": "58486",
    "population": "1009"
  },
  "Plandome Manor, New York": {
    "state": "36",
    "place": "58497",
    "population": "793"
  },
  "Pleasantville, New York": {
    "state": "36",
    "place": "58728",
    "population": "7513"
  },
  "Poland, New York": {
    "state": "36",
    "place": "58937",
    "population": "464"
  },
  "Pomona, New York": {
    "state": "36",
    "place": "58992",
    "population": "3824"
  },
  "Poquott, New York": {
    "state": "36",
    "place": "59157",
    "population": "903"
  },
  "Port Byron, New York": {
    "state": "36",
    "place": "59212",
    "population": "1101"
  },
  "Port Chester, New York": {
    "state": "36",
    "place": "59223",
    "population": "31693"
  },
  "Port Dickinson, New York": {
    "state": "36",
    "place": "59245",
    "population": "1699"
  },
  "Port Jefferson, New York": {
    "state": "36",
    "place": "59355",
    "population": "7962"
  },
  "Port Leyden, New York": {
    "state": "36",
    "place": "59454",
    "population": "554"
  },
  "Portville, New York": {
    "state": "36",
    "place": "59498",
    "population": "892"
  },
  "Port Washington North, New York": {
    "state": "36",
    "place": "59531",
    "population": "3160"
  },
  "Potsdam, New York": {
    "state": "36",
    "place": "59564",
    "population": "8312"
  },
  "Pulaski, New York": {
    "state": "36",
    "place": "59960",
    "population": "2186"
  },
  "Quogue, New York": {
    "state": "36",
    "place": "60422",
    "population": "1662"
  },
  "Ravena, New York": {
    "state": "36",
    "place": "60675",
    "population": "3271"
  },
  "Red Creek, New York": {
    "state": "36",
    "place": "60829",
    "population": "495"
  },
  "Red Hook, New York": {
    "state": "36",
    "place": "60895",
    "population": "1975"
  },
  "Remsen, New York": {
    "state": "36",
    "place": "61115",
    "population": "431"
  },
  "Rensselaer Falls, New York": {
    "state": "36",
    "place": "61159",
    "population": "361"
  },
  "Rhinebeck, New York": {
    "state": "36",
    "place": "61346",
    "population": "2697"
  },
  "Richburg, New York": {
    "state": "36",
    "place": "61434",
    "population": "401"
  },
  "Richfield Springs, New York": {
    "state": "36",
    "place": "61489",
    "population": "1050"
  },
  "Richmondville, New York": {
    "state": "36",
    "place": "61588",
    "population": "858"
  },
  "Richville, New York": {
    "state": "36",
    "place": "61621",
    "population": "234"
  },
  "Riverside, New York": {
    "state": "36",
    "place": "62061",
    "population": "423"
  },
  "Rockville Centre, New York": {
    "state": "36",
    "place": "63264",
    "population": "26016"
  },
  "Roslyn, New York": {
    "state": "36",
    "place": "63770",
    "population": "2988"
  },
  "Roslyn Estates, New York": {
    "state": "36",
    "place": "63792",
    "population": "1318"
  },
  "Roslyn Harbor, New York": {
    "state": "36",
    "place": "63803",
    "population": "1067"
  },
  "Round Lake, New York": {
    "state": "36",
    "place": "63957",
    "population": "828"
  },
  "Rouses Point, New York": {
    "state": "36",
    "place": "63979",
    "population": "2195"
  },
  "Rushville, New York": {
    "state": "36",
    "place": "64199",
    "population": "651"
  },
  "Russell Gardens, New York": {
    "state": "36",
    "place": "64232",
    "population": "978"
  },
  "Rye Brook, New York": {
    "state": "36",
    "place": "64325",
    "population": "10047"
  },
  "Sackets Harbor, New York": {
    "state": "36",
    "place": "64408",
    "population": "1351"
  },
  "Saddle Rock, New York": {
    "state": "36",
    "place": "64430",
    "population": "989"
  },
  "Sagaponack, New York": {
    "state": "36",
    "place": "64452",
    "population": "770"
  },
  "Sag Harbor, New York": {
    "state": "36",
    "place": "64485",
    "population": "2772"
  },
  "St. Johnsville, New York": {
    "state": "36",
    "place": "64639",
    "population": "1643"
  },
  "Skaneateles, New York": {
    "state": "36",
    "place": "67510",
    "population": "2533"
  },
  "Sleepy Hollow, New York": {
    "state": "36",
    "place": "67638",
    "population": "9986"
  },
  "Sloan, New York": {
    "state": "36",
    "place": "67686",
    "population": "3775"
  },
  "Sloatsburg, New York": {
    "state": "36",
    "place": "67708",
    "population": "3036"
  },
  "Smyrna, New York": {
    "state": "36",
    "place": "68099",
    "population": "197"
  },
  "Sodus, New York": {
    "state": "36",
    "place": "68209",
    "population": "1667"
  },
  "Sodus Point, New York": {
    "state": "36",
    "place": "68242",
    "population": "822"
  },
  "Solvay, New York": {
    "state": "36",
    "place": "68286",
    "population": "6645"
  },
  "Southampton, New York": {
    "state": "36",
    "place": "68462",
    "population": "4550"
  },
  "South Blooming Grove, New York": {
    "state": "36",
    "place": "68610",
    "population": "3973"
  },
  "South Corning, New York": {
    "state": "36",
    "place": "68847",
    "population": "1108"
  },
  "South Dayton, New York": {
    "state": "36",
    "place": "68891",
    "population": "541"
  },
  "South Floral Park, New York": {
    "state": "36",
    "place": "69023",
    "population": "1741"
  },
  "South Glens Falls, New York": {
    "state": "36",
    "place": "69078",
    "population": "3744"
  },
  "South Nyack, New York": {
    "state": "36",
    "place": "69441",
    "population": "2699"
  },
  "Speculator, New York": {
    "state": "36",
    "place": "70123",
    "population": "406"
  },
  "Spencer, New York": {
    "state": "36",
    "place": "70167",
    "population": "719"
  },
  "Spencerport, New York": {
    "state": "36",
    "place": "70189",
    "population": "3685"
  },
  "Spring Valley, New York": {
    "state": "36",
    "place": "70420",
    "population": "33066"
  },
  "Springville, New York": {
    "state": "36",
    "place": "70442",
    "population": "4225"
  },
  "Stamford, New York": {
    "state": "36",
    "place": "70618",
    "population": "1040"
  },
  "Stewart Manor, New York": {
    "state": "36",
    "place": "71267",
    "population": "1992"
  },
  "Stillwater, New York": {
    "state": "36",
    "place": "71322",
    "population": "1754"
  },
  "Valley Stream, New York": {
    "state": "36",
    "place": "76705",
    "population": "40634"
  },
  "Vernon, New York": {
    "state": "36",
    "place": "77112",
    "population": "1177"
  },
  "Victor, New York": {
    "state": "36",
    "place": "77376",
    "population": "2744"
  },
  "Victory, New York": {
    "state": "36",
    "place": "77431",
    "population": "666"
  },
  "Village of the Branch, New York": {
    "state": "36",
    "place": "77519",
    "population": "1735"
  },
  "Voorheesville, New York": {
    "state": "36",
    "place": "77684",
    "population": "2841"
  },
  "Waddington, New York": {
    "state": "36",
    "place": "77728",
    "population": "937"
  },
  "Walden, New York": {
    "state": "36",
    "place": "77849",
    "population": "6818"
  },
  "Walton, New York": {
    "state": "36",
    "place": "78036",
    "population": "2885"
  },
  "Wampsville, New York": {
    "state": "36",
    "place": "78113",
    "population": "573"
  },
  "Wappingers Falls, New York": {
    "state": "36",
    "place": "78168",
    "population": "6103"
  },
  "Warsaw, New York": {
    "state": "36",
    "place": "78333",
    "population": "3646"
  },
  "Warwick, New York": {
    "state": "36",
    "place": "78355",
    "population": "6652"
  },
  "Washingtonville, New York": {
    "state": "36",
    "place": "78465",
    "population": "5657"
  },
  "Waterford, New York": {
    "state": "36",
    "place": "78520",
    "population": "2038"
  },
  "Waterloo, New York": {
    "state": "36",
    "place": "78553",
    "population": "4810"
  },
  "Waterville, New York": {
    "state": "36",
    "place": "78663",
    "population": "1473"
  },
  "Watkins Glen, New York": {
    "state": "36",
    "place": "78696",
    "population": "1863"
  },
  "Waverly, New York": {
    "state": "36",
    "place": "78806",
    "population": "4373"
  },
  "Wayland, New York": {
    "state": "36",
    "place": "78850",
    "population": "1680"
  },
  "Webster, New York": {
    "state": "36",
    "place": "78960",
    "population": "5651"
  },
  "Weedsport, New York": {
    "state": "36",
    "place": "79015",
    "population": "1788"
  },
  "Wellsburg, New York": {
    "state": "36",
    "place": "79081",
    "population": "490"
  },
  "Wellsville, New York": {
    "state": "36",
    "place": "79092",
    "population": "4587"
  },
  "Wesley Hills, New York": {
    "state": "36",
    "place": "79174",
    "population": "6116"
  },
  "Westbury, New York": {
    "state": "36",
    "place": "79444",
    "population": "15864"
  },
  "Bolivar, New York": {
    "state": "36",
    "place": "07190",
    "population": "1010"
  },
  "Boonville, New York": {
    "state": "36",
    "place": "07355",
    "population": "2020"
  },
  "Brewster, New York": {
    "state": "36",
    "place": "08070",
    "population": "2508"
  },
  "Briarcliff Manor, New York": {
    "state": "36",
    "place": "08103",
    "population": "7569"
  },
  "Brightwaters, New York": {
    "state": "36",
    "place": "08323",
    "population": "3181"
  },
  "Broadalbin, New York": {
    "state": "36",
    "place": "08422",
    "population": "1384"
  },
  "Brockport, New York": {
    "state": "36",
    "place": "08466",
    "population": "7104"
  },
  "Brocton, New York": {
    "state": "36",
    "place": "08488",
    "population": "1286"
  },
  "Bronxville, New York": {
    "state": "36",
    "place": "08532",
    "population": "6656"
  },
  "Brookville, New York": {
    "state": "36",
    "place": "10132",
    "population": "2939"
  },
  "Brownville, New York": {
    "state": "36",
    "place": "10231",
    "population": "930"
  },
  "Brushton, New York": {
    "state": "36",
    "place": "10286",
    "population": "443"
  },
  "Buchanan, New York": {
    "state": "36",
    "place": "10341",
    "population": "2302"
  },
  "Burdett, New York": {
    "state": "36",
    "place": "11132",
    "population": "331"
  },
  "Burke, New York": {
    "state": "36",
    "place": "11154",
    "population": "160"
  },
  "Caledonia, New York": {
    "state": "36",
    "place": "11704",
    "population": "2080"
  },
  "Cambridge, New York": {
    "state": "36",
    "place": "11825",
    "population": "1788"
  },
  "Camden, New York": {
    "state": "36",
    "place": "11847",
    "population": "2196"
  },
  "Camillus, New York": {
    "state": "36",
    "place": "11902",
    "population": "1222"
  },
  "Canajoharie, New York": {
    "state": "36",
    "place": "12111",
    "population": "2037"
  },
  "Canaseraga, New York": {
    "state": "36",
    "place": "12177",
    "population": "460"
  },
  "Canastota, New York": {
    "state": "36",
    "place": "12188",
    "population": "4556"
  },
  "Candor, New York": {
    "state": "36",
    "place": "12210",
    "population": "786"
  },
  "Canisteo, New York": {
    "state": "36",
    "place": "12254",
    "population": "2176"
  },
  "Canton, New York": {
    "state": "36",
    "place": "12331",
    "population": "7155"
  },
  "Cape Vincent, New York": {
    "state": "36",
    "place": "12353",
    "population": "699"
  },
  "Saltaire, New York": {
    "state": "36",
    "place": "64881",
    "population": "113"
  },
  "Sands Point, New York": {
    "state": "36",
    "place": "65035",
    "population": "2712"
  },
  "Sandy Creek, New York": {
    "state": "36",
    "place": "65068",
    "population": "646"
  },
  "Saranac Lake, New York": {
    "state": "36",
    "place": "65233",
    "population": "4887"
  },
  "Saugerties, New York": {
    "state": "36",
    "place": "65288",
    "population": "3899"
  },
  "Savona, New York": {
    "state": "36",
    "place": "65354",
    "population": "672"
  },
  "Scarsdale, New York": {
    "state": "36",
    "place": "65431",
    "population": "18253"
  },
  "Schaghticoke, New York": {
    "state": "36",
    "place": "65475",
    "population": "527"
  },
  "Schoharie, New York": {
    "state": "36",
    "place": "65585",
    "population": "916"
  },
  "Schuylerville, New York": {
    "state": "36",
    "place": "65750",
    "population": "1370"
  },
  "Scotia, New York": {
    "state": "36",
    "place": "65893",
    "population": "7272"
  },
  "Scottsville, New York": {
    "state": "36",
    "place": "65959",
    "population": "2009"
  },
  "Sea Cliff, New York": {
    "state": "36",
    "place": "66047",
    "population": "5062"
  },
  "Sharon Springs, New York": {
    "state": "36",
    "place": "66663",
    "population": "483"
  },
  "Sherburne, New York": {
    "state": "36",
    "place": "66883",
    "population": "1360"
  },
  "Sherman, New York": {
    "state": "36",
    "place": "66949",
    "population": "649"
  },
  "Shoreham, New York": {
    "state": "36",
    "place": "67191",
    "population": "561"
  },
  "Shortsville, New York": {
    "state": "36",
    "place": "67257",
    "population": "1400"
  },
  "Sidney, New York": {
    "state": "36",
    "place": "67334",
    "population": "3697"
  },
  "Silver Creek, New York": {
    "state": "36",
    "place": "67411",
    "population": "2617"
  },
  "Silver Springs, New York": {
    "state": "36",
    "place": "67466",
    "population": "689"
  },
  "Sinclairville, New York": {
    "state": "36",
    "place": "67488",
    "population": "579"
  },
  "Suffern, New York": {
    "state": "36",
    "place": "71894",
    "population": "11441"
  },
  "Sylvan Beach, New York": {
    "state": "36",
    "place": "72521",
    "population": "890"
  },
  "Tannersville, New York": {
    "state": "36",
    "place": "73143",
    "population": "568"
  },
  "Tarrytown, New York": {
    "state": "36",
    "place": "73176",
    "population": "11860"
  },
  "Theresa, New York": {
    "state": "36",
    "place": "73517",
    "population": "752"
  },
  "Thomaston, New York": {
    "state": "36",
    "place": "73605",
    "population": "2759"
  },
  "Tivoli, New York": {
    "state": "36",
    "place": "74023",
    "population": "1012"
  },
  "Trumansburg, New York": {
    "state": "36",
    "place": "75506",
    "population": "1714"
  },
  "Tuckahoe, New York": {
    "state": "36",
    "place": "75583",
    "population": "7084"
  },
  "Tully, New York": {
    "state": "36",
    "place": "75627",
    "population": "904"
  },
  "Tupper Lake, New York": {
    "state": "36",
    "place": "75671",
    "population": "3282"
  },
  "Turin, New York": {
    "state": "36",
    "place": "75682",
    "population": "197"
  },
  "Tuxedo Park, New York": {
    "state": "36",
    "place": "75803",
    "population": "645"
  },
  "Unadilla, New York": {
    "state": "36",
    "place": "76001",
    "population": "1065"
  },
  "Union Springs, New York": {
    "state": "36",
    "place": "76155",
    "population": "1075"
  },
  "Unionville, New York": {
    "state": "36",
    "place": "76210",
    "population": "592"
  },
  "Upper Brookville, New York": {
    "state": "36",
    "place": "76331",
    "population": "1786"
  },
  "Upper Nyack, New York": {
    "state": "36",
    "place": "76386",
    "population": "2015"
  },
  "Valatie, New York": {
    "state": "36",
    "place": "76617",
    "population": "1785"
  },
  "Valley Falls, New York": {
    "state": "36",
    "place": "76672",
    "population": "510"
  },
  "Westfield, New York": {
    "state": "36",
    "place": "79939",
    "population": "2910"
  },
  "Westhampton Beach, New York": {
    "state": "36",
    "place": "80181",
    "population": "2150"
  },
  "West Hampton Dunes, New York": {
    "state": "36",
    "place": "80186",
    "population": "126"
  },
  "West Haverstraw, New York": {
    "state": "36",
    "place": "80203",
    "population": "10678"
  },
  "West Winfield, New York": {
    "state": "36",
    "place": "81292",
    "population": "733"
  },
  "Whitehall, New York": {
    "state": "36",
    "place": "81622",
    "population": "2465"
  },
  "Whitesboro, New York": {
    "state": "36",
    "place": "81710",
    "population": "3612"
  },
  "Whitney Point, New York": {
    "state": "36",
    "place": "81831",
    "population": "960"
  },
  "Williamsville, New York": {
    "state": "36",
    "place": "82084",
    "population": "5423"
  },
  "Williston Park, New York": {
    "state": "36",
    "place": "82117",
    "population": "7591"
  },
  "West Carthage, New York": {
    "state": "36",
    "place": "79499",
    "population": "1780"
  },
  "Wilson, New York": {
    "state": "36",
    "place": "82359",
    "population": "1247"
  },
  "Windsor, New York": {
    "state": "36",
    "place": "82524",
    "population": "907"
  },
  "Wolcott, New York": {
    "state": "36",
    "place": "82678",
    "population": "1556"
  },
  "Woodbury, New York": {
    "state": "36",
    "place": "82750",
    "population": "11526"
  },
  "Woodridge, New York": {
    "state": "36",
    "place": "82953",
    "population": "747"
  },
  "Woodsburgh, New York": {
    "state": "36",
    "place": "82986",
    "population": "897"
  },
  "Wurtsboro, New York": {
    "state": "36",
    "place": "83272",
    "population": "1124"
  },
  "Wyoming, New York": {
    "state": "36",
    "place": "83371",
    "population": "377"
  },
  "Yorkville, New York": {
    "state": "36",
    "place": "84099",
    "population": "2657"
  },
  "Youngstown, New York": {
    "state": "36",
    "place": "84143",
    "population": "1859"
  }
}
